delivery_date,delivery_shift,origin_name,origin_raw_line_1,origin_city,origin_state,origin_zip,origin_country,client name,destination_raw_line_1,destination_city,destination_state,destination_zip,destination_country,phone_number,mode,purchase_order_number,volume,handling_unit_quantity,handling_unit_type
9/15/2014,M,Larkin LLC,1505 S BLOUNT ST,RALEIGH,NC,27603,US,Lonnie Lind,6562 PROSPECT ROAD,MAXTON,NC,28364,US,699.480.1907,TRUCKLOAD,500402210,68,3,box
9/15/2014,M,Larkin LLC,1505 S BLOUNT ST,RALEIGH,NC,27603,US,Halle Metz,105 SILVER BERRY CT,RAEFORD,NC,28376,US,131.601.7742 x29127,TRUCKLOAD,500398675,69.67,4,box
9/15/2014,M,Larkin LLC,1505 S BLOUNT ST,RALEIGH,NC,27603,US,Louie Mills,2315 QWIGLEY COURT,RAEFORD,NC,28376,US,1-598-007-0587 x8118,TRUCKLOAD,500398650,769.2,7,box
9/15/2014,M,Larkin LLC,1505 S BLOUNT ST,RALEIGH,NC,27603,US,Soledad Buckridge,120 QUAIL RD,RAEFORD,NC,28376,US,680-182-5990,TRUCKLOAD,500393065,24.77,1,box
9/15/2014,,Larkin LLC,1505 S BLOUNT ST,RALEIGH,NC,27603,US,Felicita Hayes DVM,6041 GOLDEN RAIN DRIVE,FAYETTEVILLE,NC,28314,US,(947)904-7086,TRUCKLOAD,500394835,33,1,box
9/15/2014,,Larkin LLC,1505 S BLOUNT ST,RALEIGH,NC,27603,US,Felicita Hayes DVM,6041 GOLDEN RAIN DRIVE,FAYETTEVILLE,NC,28314,US,(947)904-7086,TRUCKLOAD,500401170,34.65,2,box
9/15/2014,,Larkin LLC,1505 S BLOUNT ST,RALEIGH,NC,27603,US,Josie Jacobs,6016 CROWN RIDGE COURT,FAYETTEVILLE,NC,28314,US,179-459-2512,TRUCKLOAD,500376825,14.76,4,box
9/15/2014,,Larkin LLC,1505 S BLOUNT ST,RALEIGH,NC,27603,US,Santina Harber,9032 GROUSE RUN LANE,FAYETTEVILLE,NC,28314,US,179-842-7229 x975,TRUCKLOAD,500391915,104.25,13,box
9/15/2014,,Larkin LLC,1505 S BLOUNT ST,RALEIGH,NC,27603,US,Eldora Kessler,8347 JUDY DRIVE,FAYETTEVILLE,NC,28314,US,601.869.7641,TRUCKLOAD,500397285,19.5,4,box
9/15/2014,,Larkin LLC,1505 S BLOUNT ST,RALEIGH,NC,27603,US,Chelsey Braun,1579 ROSSMERE DRIVE,FAYETTEVILLE,NC,28314,US,(845)236-7280 x922,TRUCKLOAD,500400725,64.4,4,box
9/15/2014,,Larkin LLC,1505 S BLOUNT ST,RALEIGH,NC,27603,US,Pasquale Nicolas Sr.,182 LOCHWOOD DRIVE,RAEFORD,NC,28376,US,645.280.7217,TRUCKLOAD,500402950,182,3,box
9/15/2014,M,Larkin LLC,1505 S BLOUNT ST,RALEIGH,NC,27603,US,Makenna Hoppe Sr.,107 DEERLODGE COURT,RAEFORD,NC,28376,US,1-279-219-9792 x686,TRUCKLOAD,500401180,22.62,2,box
9/15/2014,M,Larkin LLC,1505 S BLOUNT ST,RALEIGH,NC,27603,US,Helga Walker,1976 CULPEPPER LANE,FAYETTEVILLE,NC,28304,US,362.489.5193 x0288,TRUCKLOAD,500400945,42.21,6,box
9/15/2014,,Larkin LLC,1505 S BLOUNT ST,RALEIGH,NC,27603,US,Chandler Marvin,3405 CASTLEFIELD LANE,FAYETTEVILLE,NC,28306,US,(975)969-6094 x0040,TRUCKLOAD,500402400,218.5,4,box
9/15/2014,,Larkin LLC,1505 S BLOUNT ST,RALEIGH,NC,27603,US,Ezekiel Powlowski MD,1805 1 SARDONYX ROAD,FAYETTEVILLE,NC,28303,US,897-523-9428,TRUCKLOAD,500402340,150.91,2,box
9/15/2014,,Larkin LLC,1505 S BLOUNT ST,RALEIGH,NC,27603,US,Jordan Feeney,912 TAMARACK DR APT 11115,FAYETTEVILLE,NC,28311,US,240.701.5669 x26792,TRUCKLOAD,500401570,75.65,5,box
9/15/2014,,Larkin LLC,1505 S BLOUNT ST,RALEIGH,NC,27603,US,Jordan Feeney,912 TAMARACK DR APT 11115,FAYETTEVILLE,NC,28311,US,240.701.5669 x26792,TRUCKLOAD,500403620,0,0,box
9/15/2014,M,Larkin LLC,1505 S BLOUNT ST,RALEIGH,NC,27603,US,Ruben Dibbert,799 MAGELLAN DRIVE,FAYETTEVILLE,NC,28311,US,1-643-004-9797 x307,TRUCKLOAD,500399725,170.73,5,box
9/15/2014,M,Larkin LLC,1505 S BLOUNT ST,RALEIGH,NC,27603,US,Erich Klein,3429 GABLES DRIVE,FAYETTEVILLE,NC,28311,US,(665)001-3965 x0901,TRUCKLOAD,500395000,132,3,box
9/15/2014,M,Larkin LLC,1505 S BLOUNT ST,RALEIGH,NC,27603,US,Delia Boyle,3000 COOLEE CIRCLE,FAYETTEVILLE,NC,28311,US,685.190.4219 x8392,TRUCKLOAD,500399165,174.57,4,box
9/15/2014,,Larkin LLC,1505 S BLOUNT ST,RALEIGH,NC,27603,US,Germaine Purdy DVM,1040 WILD PINE DRIVE,FAYETTEVILLE,NC,28312,US,400-054-8582,TRUCKLOAD,500384925,32.5,2,box
9/15/2014,,Larkin LLC,1505 S BLOUNT ST,RALEIGH,NC,27603,US,Mohamed O'Kon V,"2730 CREEK MEADOW PL, APT 142",FAYETTEVILLE,NC,28304,US,(809)674-4024 x042,TRUCKLOAD,500396430,123,2,box
9/15/2014,,Larkin LLC,1505 S BLOUNT ST,RALEIGH,NC,27603,US,Neoma Beahan,"6319 RAEFORD ROAD, APT 46",FAYETTEVILLE,NC,28304,US,992.833.6668 x0930,TRUCKLOAD,500399375,258.85,13,box
9/15/2014,,Larkin LLC,1505 S BLOUNT ST,RALEIGH,NC,27603,US,Cameron Bayer III,3551 DORADO CIRCLE APT 106,FAYETTEVILLE,NC,28304,US,972-259-2754 x508,TRUCKLOAD,500393940,35.94,2,box
9/15/2014,,Larkin LLC,1505 S BLOUNT ST,RALEIGH,NC,27603,US,Dr. Hettie Conroy,1057 GLEN REILLY DRIVE,FAYETTEVILLE,NC,28314,US,1-404-888-3360,TRUCKLOAD,500393645,15.53,1,box
9/15/2014,N,Larkin LLC,1505 S BLOUNT ST,RALEIGH,NC,27603,US,Mr. Myles Bartoletti,"7112 RYAN STREET, LOCH LOMOND SUB",FAYETTEVILLE,NC,28314,US,(847)142-9446,TRUCKLOAD,307373285,4.5,1,box
9/15/2014,,Larkin LLC,1505 S BLOUNT ST,RALEIGH,NC,27603,US,Kaitlyn Bechtelar,5075 MORGANTON RD,FAYETTEVILLE,NC,28314,US,1-895-848-9716,TRUCKLOAD,500401660,45.66,3,box
9/15/2014,,Larkin LLC,1505 S BLOUNT ST,RALEIGH,NC,27603,US,Orlo Altenwerth,5075 MORGANTON ROAD,FAYETTEVILLE,NC,28314,US,582-859-0777 x362,TRUCKLOAD,188137530,6.98,2,box
9/15/2014,,Larkin LLC,1505 S BLOUNT ST,RALEIGH,NC,27603,US,Orlo Altenwerth,5075 MORGANTON ROAD,FAYETTEVILLE,NC,28314,US,582-859-0777 x362,TRUCKLOAD,584008760,194.86,8,box
9/15/2014,,Larkin LLC,1505 S BLOUNT ST,RALEIGH,NC,27603,US,Orlo Altenwerth,5075 MORGANTON ROAD,FAYETTEVILLE,NC,28314,US,582-859-0777 x362,TRUCKLOAD,584009090,269.93,10,box
9/15/2014,,Larkin LLC,1505 S BLOUNT ST,RALEIGH,NC,27603,US,Miss Myrna Cormier,358 LYNHURST DRIVE,FAYETTEVILLE,NC,28314,US,(272)571-2628 x68966,TRUCKLOAD,500399300,69.94,5,box
9/15/2014,,Larkin LLC,1505 S BLOUNT ST,RALEIGH,NC,27603,US,Theron McDermott DVM,201 WATERDOWN DRIVE APT 8,FAYETTEVILLE,NC,28314,US,1-928-026-5855 x5825,TRUCKLOAD,500390005,27.2,8,box
9/15/2014,E,Larkin LLC,1505 S BLOUNT ST,RALEIGH,NC,27603,US,Dr. Lela Little,"351 Sawtooth Dr, Apt 4",FAYETTEVILLE,NC,28314,US,826-158-5054 x20963,TRUCKLOAD,591121735,77.3,2,box
9/15/2014,,Larkin LLC,1505 S BLOUNT ST,RALEIGH,NC,27603,US,Andrew Reilly,627 GARFIELD DRIVE,FAYETTEVILLE,NC,28303,US,(505)748-1350,TRUCKLOAD,500402270,31.96,1,box
9/15/2014,,Larkin LLC,1505 S BLOUNT ST,RALEIGH,NC,27603,US,Annie Kuhn,405 BERNSTEIN STREET,FORT BRAGG,NC,28307,US,1-285-249-3697 x54971,TRUCKLOAD,500403030,118.7,9,box
9/15/2014,,Larkin LLC,1505 S BLOUNT ST,RALEIGH,NC,27603,US,Angelina Bogan,716 HERMAN PLACE,FORT BRAGG,NC,28307,US,(206)159-6613 x286,TRUCKLOAD,500397355,22.94,4,box
9/15/2014,,Larkin LLC,1505 S BLOUNT ST,RALEIGH,NC,27603,US,Rey Gibson,100  C PINECREST CIR,SPRING LAKE,NC,28390,US,171.588.4901 x020,TRUCKLOAD,500398880,53.97,3,box
9/15/2014,,Larkin LLC,1505 S BLOUNT ST,RALEIGH,NC,27603,US,Linda Funk,320 ORCHARD FALLS DR,SPRING LAKE,NC,28390,US,(372)359-1779,TRUCKLOAD,500402570,45,3,box
9/15/2014,,Larkin LLC,1505 S BLOUNT ST,RALEIGH,NC,27603,US,Dion Armstrong I,21 MAYFLOWER COURT,CAMERON,NC,28326,US,1-472-809-1775 x7143,TRUCKLOAD,500394170,8.2,1,box
9/15/2014,,Larkin LLC,1505 S BLOUNT ST,RALEIGH,NC,27603,US,Amara Bergnaum,67 WHITE OAK CIR,SANFORD,NC,27332,US,629.749.4962 x87240,TRUCKLOAD,500397080,15.53,1,box
9/15/2014,E,Larkin LLC,1505 S BLOUNT ST,RALEIGH,NC,27603,US,Frederic Moen,338 DICKS HILL ROAD,CARTHAGE,NC,28327,US,(243)965-1317,TRUCKLOAD,500392015,87.82,6,box
9/16/2014,,Larkin LLC,1505 S BLOUNT ST,RALEIGH,NC,27603,US,Kathryne Kuphal,6653 HILLBROOK ROAD,HOPE MILLS,NC,28348,US,1-403-432-3903 x060,TRUCKLOAD,500400760,22.62,2,box
9/16/2014,,Larkin LLC,1505 S BLOUNT ST,RALEIGH,NC,27603,US,Shayne Dooley,"561 GRAND WAILEA DRIVE, APT 518",HOPE MILLS,NC,28348,US,(372)327-5842,TRUCKLOAD,500400100,56.41,4,box
9/16/2014,,Larkin LLC,1505 S BLOUNT ST,RALEIGH,NC,27603ghjvhkvhlvh,US,Shayne Dooley,"561 GRAND WAILER DRIVE, APT 518",HOPE MILLS,NC,28348,US,(372)327-5842,TRUCKLOAD,500400090,75.6,2,box
9/16/2014,,Larkin LLC,1505 S BLOUNT ST,RALEIGH,NC,27603,US,Benjamin Waelchi,3935 HUNTING PATH DRIVE,HOPE MILLS,NC,28348,US,1-204-475-6016 x61918,TRUCKLOAD,500397235,53.3,1,box
9/16/2014,,Larkin LLC,1505 S BLOUNT ST,RALEIGH,NC,27603,US,Grover Gutkowski,3026 TOTLEY DR,FAYETTEVILLE,NC,28306,US,1-904-212-7087 x4974,TRUCKLOAD,500398340,137.32,9,box
9/16/2014,,Larkin LLC,1505 S BLOUNT ST,RALEIGH,NC,27603,US,Mr. Vincenzo Ortiz,2551 SILVER BELL LOOP,FAYETTEVILLE,NC,28304,US,(936)977-2566 x5225,TRUCKLOAD,500402730,98,2,box
9/16/2014,,Larkin LLC,1505 S BLOUNT ST,RALEIGH,NC,27603,US,Wilmer Satterfield II,2020 WOOD DUCK DRIVE,FAYETTEVILLE,NC,28304,US,1-549-112-4505 x24203,TRUCKLOAD,591121980,4.12,1,box
9/16/2014,,Larkin LLC,1505 S BLOUNT ST,RALEIGH,NC,27603,US,Keara Moore,5995 LAKEPORT CIR,FAYETTEVILLE,NC,28304,US,890.387.9106,TRUCKLOAD,500399860,46.58,2,box
9/16/2014,M,Larkin LLC,1505 S BLOUNT ST,RALEIGH,NC,27603,US,Dameon Braun,5013 YORKCHESTER DRIVE,FAYETTEVILLE,NC,28314,US,(766)040-3041,TRUCKLOAD,500402240,4.06,1,box
9/16/2014,,Larkin LLC,1505 S BLOUNT ST,RALEIGH,NC,27603,US,Dameon Braun,5013 YORKCHESTER DRIVE,FAYETTEVILLE,NC,28314,US,(766)040-3041,TRUCKLOAD,500403075,0,0,box
9/16/2014,,Larkin LLC,1505 S BLOUNT ST,RALEIGH,NC,27603,US,Ms. Ashley Stokes,1853 ELLIE AVENUE,FAYETTEVILLE,NC,28314,US,1-134-429-1889 x611,TRUCKLOAD,500396730,28.42,6,box
9/16/2014,,Larkin LLC,1505 S BLOUNT ST,RALEIGH,NC,27603,US,Glen Christiansen I,7228 CLEAR SPRING DRIVE,FAYETTEVILLE,NC,28314,US,(965)072-8488 x36571,TRUCKLOAD,500398850,17.04,4,box
9/16/2014,M,Larkin LLC,1505 S BLOUNT ST,RALEIGH,NC,27603,US,Ewald Lehner,1316 SHOSHONE DRIVE PLACE,FAYETTEVILLE,NC,28314,US,830.110.7519 x45841,TRUCKLOAD,500402120,1509.46,50,box
9/16/2014,,Larkin LLC,1505 S BLOUNT ST,RALEIGH,NC,27603,US,Einar Hayes,1309 KERSHAW 100 P APT 222,FAYETTEVILLE,NC,28314,US,(376)692-2485 x379,TRUCKLOAD,500400770,62.19,6,box
9/16/2014,,Larkin LLC,1505 S BLOUNT ST,RALEIGH,NC,27603,US,Miss Antonina Klocko,"3441 DORADO CIRCLE, UNIT 306",FAYETTEVILLE,NC,28304,US,(308)196-2507,TRUCKLOAD,500396110,72,1,box
9/16/2014,,Larkin LLC,1505 S BLOUNT ST,RALEIGH,NC,27603,US,Dr. Ressie Heathcote,173 NANDINA COURT,FAYETTEVILLE,NC,28311,US,824.352.5233 x434,TRUCKLOAD,500398985,11,1,box
9/16/2014,,Larkin LLC,1505 S BLOUNT ST,RALEIGH,NC,27603,US,Miss Coty Bechtelar,1013 BUCKNELL RD,FAYETTEVILLE,NC,28311,US,827-749-5152,TRUCKLOAD,500402280,61.2,2,box
9/16/2014,,Larkin LLC,1505 S BLOUNT ST,RALEIGH,NC,27603,US,Giovanny Doyle,236 SILVER OAKS DRIVE,FAYETTEVILLE,NC,28311,US,1-865-534-3865 x148,TRUCKLOAD,500398300,232.67,13,box
9/16/2014,,Larkin LLC,1505 S BLOUNT ST,RALEIGH,NC,27603,US,Griffin Schultz,"1390 REGATTA STREET, APT 313",FAYETTEVILLE,NC,28301,US,232.375.7960 x9533,TRUCKLOAD,500402690,124.17,8,box
9/16/2014,,Larkin LLC,1505 S BLOUNT ST,RALEIGH,NC,27603,US,German Koelpin,205 STAR HILL AVE,FAYETTEVILLE,NC,28303,US,465-463-4350,TRUCKLOAD,500404190,23.92,2,box
9/16/2014,,Larkin LLC,1505 S BLOUNT ST,RALEIGH,NC,27603,US,German Koelpin,205 STAR HILL AVE,FAYETTEVILLE,NC,28303,US,465-463-4350,TRUCKLOAD,500404370,4.6,1,box
9/16/2014,,Larkin LLC,1505 S BLOUNT ST,RALEIGH,NC,27603,US,German Koelpin,205 STAR HILL AVE,FAYETTEVILLE,NC,28303,US,465-463-4350,TRUCKLOAD,500404720,0,0,box
9/16/2014,,Larkin LLC,1505 S BLOUNT ST,RALEIGH,NC,27603,US,German Koelpin,205 STAR HILL AVE,FAYETTEVILLE,NC,28303,US,465-463-4350,TRUCKLOAD,500404730,0,0,box
9/16/2014,,Larkin LLC,1505 S BLOUNT ST,RALEIGH,NC,27603,US,Abbey Kiehn,905 MILLER ST,FAYETTEVILLE,NC,28304,US,636.386.5708,TRUCKLOAD,500402450,201.1,13,box
9/16/2014,,Larkin LLC,1505 S BLOUNT ST,RALEIGH,NC,27603,US,Ines Nader,7201 TORTOLA DRIVE,FAYETTEVILLE,NC,28306,US,604-889-7503,TRUCKLOAD,500400070,13.34,1,box
9/16/2014,,Larkin LLC,1505 S BLOUNT ST,RALEIGH,NC,27603,US,Carlotta Grant,191 WOLFBRIDGE DR,RAEFORD,NC,28376,US,(354)963-4320 x89363,TRUCKLOAD,500398240,19.18,6,box
9/16/2014,,Larkin LLC,1505 S BLOUNT ST,RALEIGH,NC,27603,US,Esteban O'Connell,164 AUTUMN LANE,RAEFORD,NC,28376,US,767-616-3976,TRUCKLOAD,591121960,7.9,1,box
9/16/2014,,Larkin LLC,1505 S BLOUNT ST,RALEIGH,NC,27603,US,Bryon Feeney III,740 SUN ROAD,ABERDEEN,NC,28315,US,(205)765-8360 x854,TRUCKLOAD,500392465,123.99,7,box
9/16/2014,,Larkin LLC,1505 S BLOUNT ST,RALEIGH,NC,27603,US,Pete Roob DVM,88 CHASE STREET,CAMERON,NC,28326,US,574-989-1684 x1290,TRUCKLOAD,500393855,23.23,3,box
9/16/2014,,Larkin LLC,1505 S BLOUNT ST,RALEIGH,NC,27603,US,Augusta Wiegand,45 AGODN LANDING,CAMERON,NC,28326,US,(822)825-5809 x759,TRUCKLOAD,500401800,88.21,6,box
9/16/2014,E,Larkin LLC,1505 S BLOUNT ST,RALEIGH,NC,27603,US,Karlee Bashirian DVM,645 ANDERSON CREEK DRIVE,SPRING LAKE,NC,28390,US,1-561-657-1804 x78368,TRUCKLOAD,500391430,52.85,9,box
9/16/2014,,Larkin LLC,1505 S BLOUNT ST,RALEIGH,NC,27603,US,Rocky Davis,26 DOUVE PLACE,FORT BRAGG,NC,28307,US,146.020.1808 x61600,TRUCKLOAD,500366745,123.56,7,box
9/16/2014,,Larkin LLC,1505 S BLOUNT ST,RALEIGH,NC,27603,US,Monroe Padberg,179 LEHAM STREET,FORT BRAGG,NC,28307,US,(550)052-8500 x4157,TRUCKLOAD,500403130,15.85,1,box
9/16/2014,,Larkin LLC,1505 S BLOUNT ST,RALEIGH,NC,27603,US,Nadia Jakubowski,"1411 CANYON LAND COURT, APT 192",FAYETTEVILLE,NC,28303,US,(987)698-4008 x043,TRUCKLOAD,500400840,120,2,box
9/16/2014,,Larkin LLC,1505 S BLOUNT ST,RALEIGH,NC,27603,US,Jordan Feeney,912 TAMARACK DR APT 11115,FAYETTEVILLE,NC,28311,US,240.701.5669 x26792,TRUCKLOAD,500403635,0,0,box
9/17/2014,,Larkin LLC,1505 S BLOUNT ST,RALEIGH,NC,27603,US,Rosalinda Nader,2330 CHASEWATER ROAD,FAYETTEVILLE,NC,28306,US,950.183.0511 x175,TRUCKLOAD,500402500,131.29,10,box
9/17/2014,,Larkin LLC,1505 S BLOUNT ST,RALEIGH,NC,27603,US,Idella Lynch,2330 CHASEWATER ROAD,FAYETTEVILLE,NC,28306,US,(938)889-5475,TRUCKLOAD,500402490,80,4,box
9/17/2014,N,Larkin LLC,1505 S BLOUNT ST,RALEIGH,NC,27603,US,Stephania Dietrich,728 BENT CREK DRIVE,HOPE MILLS,NC,28348,US,1-250-615-3875 x1092,TRUCKLOAD,500397615,15.4,2,box
9/17/2014,N,Larkin LLC,1505 S BLOUNT ST,RALEIGH,NC,27603,US,Kaitlyn Bechtelar,1485 Modest Road,Maxton,NC,28364,US,1-895-848-9716,TRUCKLOAD,500401675,45.66,3,box
9/17/2014,N,Larkin LLC,1505 S BLOUNT ST,RALEIGH,NC,27603,US,Annabelle Williamson,804 WEST SCOTTSDALE RD,LAURINBURG,NC,28352,US,816.141.3682 x2837,TRUCKLOAD,500400850,60.52,5,box
9/17/2014,N,Larkin LLC,1505 S BLOUNT ST,RALEIGH,NC,27603,US,Roxanne Quitzon,1101 SOUTH AUSTIN ST,MAXTON,NC,28364,US,135.386.6870,TRUCKLOAD,500401590,130,2,box
9/17/2014,N,Larkin LLC,1505 S BLOUNT ST,RALEIGH,NC,27603,US,Maryse Muller,4823 PINEDALE BLVD,LUMBERTON,NC,28358,US,669.308.5977 x113,TRUCKLOAD,500391625,40.28,4,box
9/17/2014,N,Larkin LLC,1505 S BLOUNT ST,RALEIGH,NC,27603,US,Nico Yundt,1508 SPRUNT AVE,LUMBERTON,NC,28358,US,225.215.1026,TRUCKLOAD,500389705,1.77,1,box
9/17/2014,,Larkin LLC,1505 S BLOUNT ST,RALEIGH,NC,27603,US,Lauryn Torp,1190 REGAN CHURCH RD,LUMBERTON,NC,28358,US,264-702-6794,TRUCKLOAD,500396590,15.15,1,box
9/17/2014,,Larkin LLC,1505 S BLOUNT ST,RALEIGH,NC,27603,US,Lonnie Purdy,1358 SHAWN ROAD,LUMBERTON,NC,28358,US,978.674.2239 x1609,TRUCKLOAD,500403360,29.4,1,box
9/17/2014,,Larkin LLC,1505 S BLOUNT ST,RALEIGH,NC,27603,US,Lonnie Purdy,1358 SHAWN ROAD,LUMBERTON,NC,28358,US,978.674.2239 x1609,TRUCKLOAD,500404760,0,0,box
9/17/2014,,Larkin LLC,1505 S BLOUNT ST,RALEIGH,NC,27603,US,Miss Zetta Mann,1025 GLEN REILLY DR,FAYETTEVILLE,NC,28314,US,(379)533-2693,TRUCKLOAD,500394325,72.73,8,box
9/17/2014,,Larkin LLC,1505 S BLOUNT ST,RALEIGH,NC,27603,US,Miss Zetta Mann,1025 GLEN REILLY DR,FAYETTEVILLE,NC,28314,US,(379)533-2693,TRUCKLOAD,500403330,18.8,2,box
9/17/2014,E,Dr. Hettie Conroy,1057 GLEN REILLY DRIVE,FAYETTEVILLE,NC,28314,US,Larkin LLC,1505 S BLOUNT ST,RALEIGH,NC,27603,US,1-404-888-3360,TRUCKLOAD,500393641,15.53,1,box
9/17/2014,M,Larkin LLC,1505 S BLOUNT ST,RALEIGH,NC,27603,US,Dr. Hettie Conroy,1057 GLEN REILLY DRIVE,FAYETTEVILLE,NC,28314,US,1-404-888-3360,TRUCKLOAD,500404800,0,0,box
9/17/2014,,Larkin LLC,1505 S BLOUNT ST,RALEIGH,NC,27603,US,Jalyn Gorczany,615 DAHARAN DRIVE,FAYETTEVILLE,NC,28314,US,999-831-4799 x62107,TRUCKLOAD,500395630,196.36,5,box
9/17/2014,,Larkin LLC,1505 S BLOUNT ST,RALEIGH,NC,27603,US,Sonny King,5702 CALUMET CT,ABERDEEN,NC,28315,US,1-295-656-7026 x69946,TRUCKLOAD,500399045,15.78,6,box
9/17/2014,N,Larkin LLC,1505 S BLOUNT ST,RALEIGH,NC,27603,US,Margaretta Johnson,210 BROADMEADE DR,SOUTHERN PINES,NC,28387,US,231-904-2618 x16162,TRUCKLOAD,500402460,177.74,9,box
9/17/2014,N,Larkin LLC,1505 S BLOUNT ST,RALEIGH,NC,27603,US,Margaretta Johnson,210 BROADMEADE DR,SOUTHERN PINES,NC,28387,US,231-904-2618 x16162,TRUCKLOAD,500403880,400,2,box
9/17/2014,N,Larkin LLC,1505 S BLOUNT ST,RALEIGH,NC,27603,US,Viviane O'Conner,1006 WILDER AVE,ABERDEEN,NC,28315,US,(987)599-2123,TRUCKLOAD,500402420,15.33,6,box
9/17/2014,N,Larkin LLC,1505 S BLOUNT ST,RALEIGH,NC,27603,US,Grayce Bailey,4 CONE COURT,PINEHURST,NC,28374,US,854.754.9714 x933,TRUCKLOAD,500403430,681,5,box
9/17/2014,N,Larkin LLC,1505 S BLOUNT ST,RALEIGH,NC,27603,US,Theresia Barton,149 WESTGATE DRIVE,WEST END,NC,27376,US,1-185-127-3486 x85848,TRUCKLOAD,500398195,29.58,1,box
9/17/2014,,Larkin LLC,1505 S BLOUNT ST,RALEIGH,NC,27603,US,Kevon Koelpin,14 BENT TREE COURT,PINEHURST,NC,28374,US,(615)170-9654 x410,TRUCKLOAD,500402440,29.8,1,box
9/17/2014,,Larkin LLC,1505 S BLOUNT ST,RALEIGH,NC,27603,US,Willie Gusikowski,237 ROTHBURY DRIVE,CARTHAGE,NC,28327,US,(169)690-6917 x89706,TRUCKLOAD,591121800,150,2,box
9/17/2014,,Larkin LLC,1505 S BLOUNT ST,RALEIGH,NC,27603,US,Lurline Bashirian,116 HOLLOW LANE,RAEFORD,NC,28376,US,(174)165-2381 x3276,TRUCKLOAD,500403835,25,1,box
9/17/2014,,Larkin LLC,1505 S BLOUNT ST,RALEIGH,NC,27603,US,Emiliano Cremin,2505 SICKLE WAY,FAYETTEVILLE,NC,28306,US,268-836-3378 x5868,TRUCKLOAD,500399255,13.34,1,box
9/17/2014,,Larkin LLC,1505 S BLOUNT ST,RALEIGH,NC,27603,US,Augustus Farrell,5900 WHITEBRIDGE LN,FAYETTEVILLE,NC,28306,US,1-447-016-9364,TRUCKLOAD,500399425,224.4,4,box
9/17/2014,,Larkin LLC,1505 S BLOUNT ST,RALEIGH,NC,27603,US,Arely Altenwerth,"1849 TRYON DR, APT 2",FAYETTEVILLE,NC,28303,US,1-976-381-4299 x66220,TRUCKLOAD,500403810,80.82,6,box
9/17/2014,E,Larkin LLC,1505 S BLOUNT ST,RALEIGH,NC,27603,US,Lavinia Kutch,1210 STANSFIELD DRIVE,FAYETTEVILLE,NC,28303,US,179-557-5611 x065,TRUCKLOAD,500400395,103.62,8,box
9/17/2014,,Larkin LLC,1505 S BLOUNT ST,RALEIGH,NC,27603,US,Jeremy Jast,"2109 ELVIRA ST, APT 905",FAYETTEVILLE,NC,28303,US,842-539-3393 x8754,TRUCKLOAD,500403230,36.23,3,box
9/17/2014,,Larkin LLC,1505 S BLOUNT ST,RALEIGH,NC,27603,US,Rylan Kunde,"4615 DUNCASTLE ROAD, APT 2H",FAYETTEVILLE,NC,28314,US,1-311-077-1050,TRUCKLOAD,500402250,48.2,2,box
9/17/2014,,Larkin LLC,1505 S BLOUNT ST,RALEIGH,NC,27603,US,Keith Rosenbaum,"220 SAWTOOTH DRIVE, APT 15",FAYETTEVILLE,NC,28314,US,1-313-994-4843 x67541,TRUCKLOAD,500403160,212.89,8,box
9/17/2014,,Larkin LLC,1505 S BLOUNT ST,RALEIGH,NC,27603,US,Lola Sauer,828 RUMFORD PL,FAYETTEVILLE,NC,28303,US,1-327-012-2503,TRUCKLOAD,500393685,51.14,3,box
9/17/2014,E,Larkin LLC,1505 S BLOUNT ST,RALEIGH,NC,27603,US,Kenyatta Lowe,4 GROESBEEK STREET,FORT BRAGG,NC,28307,US,158.756.1376 x1327,TRUCKLOAD,500395750,114,2,box
9/17/2014,,Larkin LLC,1505 S BLOUNT ST,RALEIGH,NC,27603,US,Dianna Fisher,2905 HAMPTON RIDGE ROAD,FAYETTEVILLE,NC,28311,US,(548)715-5736,TRUCKLOAD,500400225,4.38,1,box
9/17/2014,,Larkin LLC,1505 S BLOUNT ST,RALEIGH,NC,27603,US,Juliana Ruecker,400 SWAN ISLAND,FAYETTEVILLE,NC,28311,US,1-489-900-6527 x54496,TRUCKLOAD,500396515,17.49,3,box
9/17/2014,,Larkin LLC,1505 S BLOUNT ST,RALEIGH,NC,27603,US,Jazmin Schoen,7011 ZEPHER RD,FAYETTEVILLE,NC,28311,US,149.925.6926 x97568,TRUCKLOAD,500402610,60.6,5,box
9/17/2014,,Larkin LLC,1505 S BLOUNT ST,RALEIGH,NC,27603,US,Jovanny Cruickshank,856 SATINWOOD COURT,FAYETTEVILLE,NC,28312,US,(341)288-8527 x31161,TRUCKLOAD,500398855,36.2,1,box
9/17/2014,,Larkin LLC,1505 S BLOUNT ST,RALEIGH,NC,27603,US,Johnson Hegmann IV,7006 BYERLY DRIVE,HOPE MILLS,NC,28348,US,453-242-7657,TRUCKLOAD,500401620,50.73,7,box
9/17/2014,,Larkin LLC,1505 S BLOUNT ST,RALEIGH,NC,27603,US,Kennith Davis V,2008 HARRINGTON ROAD,FAYETTEVILLE,NC,28306,US,218-249-2010 x2520,TRUCKLOAD,500403100,176.25,12,box
9/17/2014,,Larkin LLC,1505 S BLOUNT ST,RALEIGH,NC,27603,US,Mrs. Marjolaine Jacobson,5438 MIRANDA DRIVE,HOPE MILLS,NC,28348,US,(384)245-9140,TRUCKLOAD,500402930,100.96,4,box
9/18/2014,,Larkin LLC,1505 S BLOUNT ST,RALEIGH,NC,27603,US,Brendan Hagenes,235 BANDANA WAY,CAMERON,NC,28326,US,1-218-862-6744 x327,TRUCKLOAD,500399220,83.63,10,box
9/18/2014,,Larkin LLC,1505 S BLOUNT ST,RALEIGH,NC,27603,US,Teagan VonRueden,94 REVOLUTIONARY RD,CAMERON,NC,28326,US,505.163.9369 x31382,TRUCKLOAD,500401390,113.29,7,box
9/18/2014,,Larkin LLC,1505 S BLOUNT ST,RALEIGH,NC,27603,US,Raleigh Roberts,994 MICHAS WAY NORTH,SPRING LAKE,NC,28390,US,467.473.8448 x827,TRUCKLOAD,500394495,102.29,5,box
9/18/2014,,Larkin LLC,1505 S BLOUNT ST,RALEIGH,NC,27603,US,Ms. Reba Doyle,225 EILEEN DR,SPRING LAKE,NC,28390,US,855-262-5784,TRUCKLOAD,500401015,10.38,2,box
9/18/2014,,Larkin LLC,1505 S BLOUNT ST,RALEIGH,NC,27603,US,Ms. Reba Doyle,225 EILEEN DR,SPRING LAKE,NC,28390,US,855-262-5784,TRUCKLOAD,591122020,15.11,1,box
9/18/2014,,Larkin LLC,1505 S BLOUNT ST,RALEIGH,NC,27603,US,Jany Toy,"6340 ABBOTTS PARK DRIVE, APT M",FAYETTEVILLE,NC,28311,US,(831)033-5578 x0312,TRUCKLOAD,500396190,150.37,6,box
9/18/2014,,Larkin LLC,1505 S BLOUNT ST,RALEIGH,NC,27603,US,Moshe Veum,"922 ENCLAVE DR, APT 303",FAYETTEVILLE,NC,28304,US,208-600-9483,TRUCKLOAD,500403760,26.88,2,box
9/18/2014,,Larkin LLC,1505 S BLOUNT ST,RALEIGH,NC,27603,US,Dillan Hane,"2109 ELVIRA ST, APT 907",FAYETTEVILLE,NC,28303,US,1-914-040-4845,TRUCKLOAD,500399880,118.6,4,box
9/18/2014,,Larkin LLC,1505 S BLOUNT ST,RALEIGH,NC,27603,US,Clementina Oberbrunner,"635 MARSHTREE LANE, UNIT 207",FAYETTEVILLE,NC,28314,US,260.579.8764 x89444,TRUCKLOAD,500395855,17.86,1,box
9/18/2014,,Larkin LLC,1505 S BLOUNT ST,RALEIGH,NC,27603,US,Lauryn Schultz,"818 ENGLISH CT, APT 6",FAYETTEVILLE,NC,28314,US,217-934-2590,TRUCKLOAD,500399200,12.72,3,box
9/18/2014,,Larkin LLC,1505 S BLOUNT ST,RALEIGH,NC,27603,US,Ms. Jaylin Gerhold,"560 GRAND WAILEA DR, APT 618",HOPE MILLS,NC,28348,US,1-955-698-0326 x3526,TRUCKLOAD,500403470,16.38,5,box
9/18/2014,,Larkin LLC,1505 S BLOUNT ST,RALEIGH,NC,27603,US,Mr. Mabel Ratke,5113 DEBUT AVE,HOPE MILLS,NC,28348,US,502-344-1239 x092,TRUCKLOAD,500399115,30.95,2,box
9/18/2014,,Larkin LLC,1505 S BLOUNT ST,RALEIGH,NC,27603,US,Dr. Garnett Crooks,2725 FAIRWINDS LANE,FAYETTEVILLE,NC,28306,US,(550)317-5939 x692,TRUCKLOAD,500404290,84.77,6,box
9/18/2014,,Larkin LLC,1505 S BLOUNT ST,RALEIGH,NC,27603,US,Haylie Sauer PhD,6508 WALDOS BEACH RD,FAYETTEVILLE,NC,28306,US,1-418-703-2576 x781,TRUCKLOAD,500403510,190,5,box
9/18/2014,,Larkin LLC,1505 S BLOUNT ST,RALEIGH,NC,27603,US,Travis Bins,7236 CAYMAN DR,FAYETTEVILLE,NC,28306,US,202.555.6926,TRUCKLOAD,500398790,23.81,1,box
9/18/2014,,Larkin LLC,1505 S BLOUNT ST,RALEIGH,NC,27603,US,Augustus Farrell,5900 WHITEBRIDGE LN,FAYETTEVILLE,NC,28306,US,1-447-016-9364,TRUCKLOAD,500399425,224.4,4,box
9/18/2014,,Larkin LLC,1505 S BLOUNT ST,RALEIGH,NC,27603,US,Cassandra Hilpert,2549 FOREST LODGE DR,FAYETTEVILLE,NC,28306,US,592-560-3838 x269,TRUCKLOAD,500403930,45.82,5,box
9/18/2014,,Larkin LLC,1505 S BLOUNT ST,RALEIGH,NC,27603,US,Alvah Johnson,2535 PAINTERS MILL DR,FAYETTEVILLE,NC,28304,US,112.083.2434 x354,TRUCKLOAD,500403520,12.59,1,box
9/18/2014,,Larkin LLC,1505 S BLOUNT ST,RALEIGH,NC,27603,US,Alvah Johnson,2535 PAINTERS MILL DR,FAYETTEVILLE,NC,28304,US,112.083.2434 x354,TRUCKLOAD,500405300,0,0,box
9/18/2014,,Larkin LLC,1505 S BLOUNT ST,RALEIGH,NC,27603,US,Mr. Malika Ferry,120 TRIPS COURT,RAEFORD,NC,28376,US,1-891-668-1346,TRUCKLOAD,500403260,15.85,1,box
9/18/2014,,Larkin LLC,1505 S BLOUNT ST,RALEIGH,NC,27603,US,Mr. Malika Ferry,120 TRIPS COURT,RAEFORD,NC,28376,US,1-891-668-1346,TRUCKLOAD,500405310,0,0,box
9/18/2014,,Larkin LLC,1505 S BLOUNT ST,RALEIGH,NC,27603,US,Eryn Feeney,1924 LASS STREET,FAYETTEVILLE,NC,28314,US,1-864-299-3682,TRUCKLOAD,500404580,32.22,1,box
9/18/2014,,Larkin LLC,1505 S BLOUNT ST,RALEIGH,NC,27603,US,Josefa Stehr,5495 LYNBROOK CT,FAYETTEVILLE,NC,28314,US,477.909.2738 x321,TRUCKLOAD,500403070,109.47,8,box
9/18/2014,,Larkin LLC,1505 S BLOUNT ST,RALEIGH,NC,27603,US,Jeramie Howe,5248 COVINGTON BEND DR,RALEIGH,NC,27613,US,751.284.1670,TRUCKLOAD,520238265,16.32,6,box
9/18/2014,,Larkin LLC,1505 S BLOUNT ST,RALEIGH,NC,27603,US,Jeramie Howe,5248 COVINGTON BEND DR,RALEIGH,NC,27613,US,751.284.1670,TRUCKLOAD,520238265,18.25,3,box
9/18/2014,,Larkin LLC,1505 S BLOUNT ST,RALEIGH,NC,27603,US,Olen Kihn,4 LANTERN VIEW LN,DURHAM,NC,27703,US,(907)213-4868,TRUCKLOAD,520238265,75,1,box
9/18/2014,E,Larkin LLC,1505 S BLOUNT ST,RALEIGH,NC,27603,US,Claudia Kozey,7 REDFEATHER CT,DURHAM,NC,27704,US,1-944-357-7820 x86264,TRUCKLOAD,520244445,152,2,box
9/18/2014,,Larkin LLC,1505 S BLOUNT ST,RALEIGH,NC,27603,US,Baby Erdman,1708 NORTHSIDE RD,CREEDMOOR,NC,27522,US,202-792-2698,TRUCKLOAD,520234335,18.02,1,box
9/18/2014,,Larkin LLC,1505 S BLOUNT ST,RALEIGH,NC,27603,US,Baby Erdman,1708 NORTHSIDE RD,CREEDMOOR,NC,27522,US,202-792-2698,TRUCKLOAD,691112980,5.26,1,box
9/18/2014,,Larkin LLC,1505 S BLOUNT ST,RALEIGH,NC,27603,US,Corbin Christiansen,401 EAST F ST,BUTNER,NC,27509,US,768-562-3905 x472,TRUCKLOAD,520240180,195.66,7,box
9/18/2014,E,Larkin LLC,1505 S BLOUNT ST,RALEIGH,NC,27603,US,Jess Nitzsche Sr.,1105 GOLDEN CREST DR,DURHAM,NC,27704,US,570.335.3818,TRUCKLOAD,520232520,170,2,box
9/18/2014,,Larkin LLC,1505 S BLOUNT ST,RALEIGH,NC,27603,US,Ernestine Klocko DVM,4333 DENFIELD ST,DURHAM,NC,27704,US,1-116-664-8081 x713,TRUCKLOAD,691112265,7.53,1,box
9/18/2014,,Larkin LLC,1505 S BLOUNT ST,RALEIGH,NC,27603,US,Seamus Schuster,119 MURRAY HILL DR,DURHAM,NC,27712,US,286.680.2735,TRUCKLOAD,520243040,32.54,4,box
9/18/2014,,Larkin LLC,1505 S BLOUNT ST,RALEIGH,NC,27603,US,Ophelia Cremin,3 BOWLING CREEK WAY,DURHAM,NC,27712,US,200-716-0325 x61342,TRUCKLOAD,520232645,47.28,3,box
9/18/2014,,Larkin LLC,1505 S BLOUNT ST,RALEIGH,NC,27603,US,Annetta Schowalter DDS,1406 HOUNDS EAR RD,HILLSBOROUGH,NC,27278,US,934-348-5086,TRUCKLOAD,520242350,209.86,11,box
9/18/2014,,Larkin LLC,1505 S BLOUNT ST,RALEIGH,NC,27603,US,Serena Bayer II,1220 TERRY RD,HILLSBOROUGH,NC,27278,US,474.136.9340,TRUCKLOAD,520247090,16.11,2,box
9/18/2014,E,Larkin LLC,1505 S BLOUNT ST,RALEIGH,NC,27603,US,Khalil O'Keefe,147 W HATTERLEIGH AVE,HILLSBOROUGH,NC,27278,US,1-217-847-8139 x7560,TRUCKLOAD,520237835,8.6,1,box
9/18/2014,,Larkin LLC,1505 S BLOUNT ST,RALEIGH,NC,27603,US,Khalil O'Keefe,147 W HATTERLEIGH AVE,HILLSBOROUGH,NC,27278,US,1-217-847-8139 x7560,TRUCKLOAD,520237830,1.77,1,box
9/19/2014,,Larkin LLC,1505 S BLOUNT ST,RALEIGH,NC,27603,US,Bria Kiehn,"850 SUMNER DRIVE, APT 16",FAYETTEVILLE,NC,28303,US,760-018-1928,TRUCKLOAD,500398095,93.49,6,box
9/19/2014,,Larkin LLC,1505 S BLOUNT ST,RALEIGH,NC,27603,US,Justyn Heathcote,5128 FOXFIRE RD,FAYETTEVILLE,NC,28303,US,1-807-143-6765 x786,TRUCKLOAD,500403515,53.02,5,box
9/19/2014,,Larkin LLC,1505 S BLOUNT ST,RALEIGH,NC,27603,US,Vernice Boyle,"325 BABCOCK CRT, APT 305",FAYETTEVILLE,NC,28314,US,(243)650-6381,TRUCKLOAD,500400805,7.63,1,box
9/19/2014,,Larkin LLC,1505 S BLOUNT ST,RALEIGH,NC,27603,US,Vernice Boyle,"325 BABCOCK CRT, APT 305",FAYETTEVILLE,NC,28314,US,(243)650-6381,TRUCKLOAD,500405580,0,0,box
9/19/2014,,Larkin LLC,1505 S BLOUNT ST,RALEIGH,NC,27603,US,Mr. Myles Bartoletti,"7112 RYAN STREET, LOCH LOMOND SUB",FAYETTEVILLE,NC,28314,US,(847)142-9446,TRUCKLOAD,307373285,4.5,1,box
9/19/2014,,Larkin LLC,1505 S BLOUNT ST,RALEIGH,NC,27603,US,Elvie Halvorson,1306 BRAYBROOKE PLACE,FAYETTEVILLE,NC,28314,US,(591)492-4092 x7626,TRUCKLOAD,500397070,231.26,8,box
9/19/2014,,Larkin LLC,1505 S BLOUNT ST,RALEIGH,NC,27603,US,Dameon Braun,5013 YORKCHESTER DRIVE,FAYETTEVILLE,NC,28314,US,(766)040-3041,TRUCKLOAD,500403075,0,0,box
9/19/2014,M,Larkin LLC,1505 S BLOUNT ST,RALEIGH,NC,27603,US,Felicita Hayes DVM,6041 GOLDEN RAIN DRIVE,FAYETTEVILLE,NC,28314,US,(947)904-7086,TRUCKLOAD,500401185,22.45,1,box
9/19/2014,,Larkin LLC,1505 S BLOUNT ST,RALEIGH,NC,27603,US,Chelsey Braun,1579 ROSSMERE DRIVE,FAYETTEVILLE,NC,28314,US,(845)236-7280 x922,TRUCKLOAD,500405560,0,0,box
9/19/2014,,Larkin LLC,1505 S BLOUNT ST,RALEIGH,NC,27603,US,Pinkie Wuckert Jr.,172 CRESTWOOD LANE,RAEFORD,NC,28376,US,890-336-0192,TRUCKLOAD,500399525,6.82,2,box
9/19/2014,,Larkin LLC,1505 S BLOUNT ST,RALEIGH,NC,27603,US,Baby Aufderhar,106 CATHERINE STREET,RAEFORD,NC,28376,US,323.834.0308 x78540,TRUCKLOAD,500399280,120.24,14,box
9/19/2014,,Larkin LLC,1505 S BLOUNT ST,RALEIGH,NC,27603,US,Taurean Maggio,442 ROYAL BIRKDALE DRIVE,RAEFORD,NC,28376,US,328.479.7998,TRUCKLOAD,500386015,42.8,3,box
9/19/2014,,Larkin LLC,1505 S BLOUNT ST,RALEIGH,NC,27603,US,Taurean Maggio,442 ROYAL BIRKDALE DRIVE,RAEFORD,NC,28376,US,328.479.7998,TRUCKLOAD,500398140,236,6,box
9/19/2014,,Larkin LLC,1505 S BLOUNT ST,RALEIGH,NC,27603,US,Shania Bechtelar,190 DUBLIN CT,SOUTHERN PINES,NC,28387,US,923-480-7635 x563,TRUCKLOAD,500401080,64,1,box
9/19/2014,,Larkin LLC,1505 S BLOUNT ST,RALEIGH,NC,27603,US,Dr. Mercedes Sawayn,"830 SUMNER DR, APT 3",FAYETTEVILLE,NC,28303,US,506.820.9588 x66747,TRUCKLOAD,500403300,166.42,4,box
9/19/2014,,Larkin LLC,1505 S BLOUNT ST,RALEIGH,NC,27603,US,Eliezer McDermott,4659 CEDAR PASS DR,HOPE MILLS,NC,28348,US,1-320-153-5683 x9534,TRUCKLOAD,500395175,6.15,1,box
9/19/2014,,Larkin LLC,1505 S BLOUNT ST,RALEIGH,NC,27603,US,Eliezer McDermott,4659 CEDAR PASS DR,HOPE MILLS,NC,28348,US,1-320-153-5683 x9534,TRUCKLOAD,591121875,25.06,1,box
9/19/2014,,Larkin LLC,1505 S BLOUNT ST,RALEIGH,NC,27603,US,Gerda Huels,3817 SUNCHASE DR,FAYETTEVILLE,NC,28306,US,883-821-8671,TRUCKLOAD,500398920,187.33,10,box
9/19/2014,,Larkin LLC,1505 S BLOUNT ST,RALEIGH,NC,27603,US,Gerda Huels,3817 SUNCHASE DR,FAYETTEVILLE,NC,28306,US,883-821-8671,TRUCKLOAD,500398925,174.41,11,box
9/19/2014,,Larkin LLC,1505 S BLOUNT ST,RALEIGH,NC,27603,US,Makenna Boyer Sr.,"2650 LATROBE AVE, APT 15",FAYETTEVILLE,NC,28304,US,797.626.7211 x7361,TRUCKLOAD,191289865,6.41,1,box
9/19/2014,,Larkin LLC,1505 S BLOUNT ST,RALEIGH,NC,27603,US,Jordan Feeney,912 TAMARACK DR APT 11115,FAYETTEVILLE,NC,28311,US,240.701.5669 x26792,TRUCKLOAD,591122040,36.2,1,box
9/19/2014,,Larkin LLC,1505 S BLOUNT ST,RALEIGH,NC,27603,US,Ruben Dibbert,799 MAGELLAN DRIVE,FAYETTEVILLE,NC,28311,US,1-643-004-9797 x307,TRUCKLOAD,500399725,29.73,3,box
9/19/2014,,Larkin LLC,1505 S BLOUNT ST,RALEIGH,NC,27603,US,Ms. Astrid Bogisich,3148 GREEN VALLEY RD,FAYETTEVILLE,NC,28301,US,883-894-8932,TRUCKLOAD,500392615,7.6,2,box
9/19/2014,,Larkin LLC,1505 S BLOUNT ST,RALEIGH,NC,27603,US,Tyrell Bayer,3510 CRANBROOK DR,FAYETTEVILLE,NC,28301,US,133.794.2990,TRUCKLOAD,520238180,107.07,6,box
9/19/2014,,Larkin LLC,1505 S BLOUNT ST,RALEIGH,NC,27603,US,Mrs. Camylle Langosh,4014 PLEASANTBURG DRIVE,FAYETTEVILLE,NC,28312,US,(373)289-3374,TRUCKLOAD,500404920,19.22,3,box
9/19/2014,,Larkin LLC,1505 S BLOUNT ST,RALEIGH,NC,27603,US,Millie Schoen,3570 JAMES DAIL RD,EASTOVER,NC,28312,US,1-176-096-2664 x4247,TRUCKLOAD,500403720,49.1,6,box
9/19/2014,,Larkin LLC,1505 S BLOUNT ST,RALEIGH,NC,27603,US,Donato Wisozk,24 LEA ANN LANE,DUNN,NC,28334,US,382.690.5148,TRUCKLOAD,500395985,58.2,5,box
9/19/2014,,Larkin LLC,1505 S BLOUNT ST,RALEIGH,NC,27603,US,Mrs. Rhett Graham,110 OAKLAND BLVD,CLINTON,NC,28328,US,955.088.4411 x52169,TRUCKLOAD,500404450,15,1,box
9/19/2014,,Larkin LLC,1505 S BLOUNT ST,RALEIGH,NC,27603,US,Melyna Gottlieb,101 MATHIS ROAD,CLINTON,NC,28328,US,510.355.6419 x827,TRUCKLOAD,500402720,124.63,6,box
9/19/2014,,Larkin LLC,1505 S BLOUNT ST,RALEIGH,NC,27603,US,Leonardo Wolff,319 SPEAR DRIVE,FORT BRAGG,NC,28307,US,(293)879-6706,TRUCKLOAD,500404160,63.4,2,box
9/19/2014,,Larkin LLC,1505 S BLOUNT ST,RALEIGH,NC,27603,US,Mr. Ethelyn Kulas,"861 SHELL DRIVE, APT 287",SPRING LAKE,NC,28390,US,477.784.7611,TRUCKLOAD,500373150,114,2,box
9/19/2014,,Larkin LLC,1505 S BLOUNT ST,RALEIGH,NC,27603,US,Annamarie Ebert,1122 RIVERSIDE CR,SPRING LAKE,NC,28390,US,966.396.8513 x1543,TRUCKLOAD,500404850,14,1,box
9/19/2014,,Larkin LLC,1505 S BLOUNT ST,RALEIGH,NC,27603,US,Annamarie Ebert,1122 RIVERSIDE CR,SPRING LAKE,NC,28390,US,966.396.8513 x1543,TRUCKLOAD,500404860,36.66,3,box
9/19/2014,,Larkin LLC,1505 S BLOUNT ST,RALEIGH,NC,27603,US,Sydnee Dibbert,110 MT MITCHELL PL,CAMERON,NC,28326,US,1-910-651-4635,TRUCKLOAD,500396780,26.95,1,box
9/19/2014,,Larkin LLC,1505 S BLOUNT ST,RALEIGH,NC,27603,US,Sydnee Dibbert,110 MT MITCHELL PL,CAMERON,NC,28326,US,1-910-651-4635,TRUCKLOAD,500396805:19:00,36.6,3,box
9/19/2014,M,Larkin LLC,1505 S BLOUNT ST,RALEIGH,NC,27603,US,Al Fay,57 STEEL CT,CAMERON,NC,28326,US,(980)473-5219 x04995,TRUCKLOAD,500403400,0,1,box
9/19/2014,,Larkin LLC,1505 S BLOUNT ST,RALEIGH,NC,27603,US,Miss Eleazar Jerde,39 OLD CAMP ROAD,CAMERON,NC,28326,US,1-477-033-3644,TRUCKLOAD,500396030,166,4,box
9/19/2014,,Larkin LLC,1505 S BLOUNT ST,RALEIGH,NC,27603,US,Dr. Cloyd Block,42 ANNAPOLIS RD,CAMERON,NC,28326,US,(702)541-3712 x6666,TRUCKLOAD,500401780,3.4,1,box
9/19/2014,N,Larkin LLC,1505 S BLOUNT ST,RALEIGH,NC,27603,US,Koby Gerhold,211 APACHE TRAIL,SANFORD,NC,27332,US,505.963.1280 x7039,TRUCKLOAD,591122030,82,1,box
9/19/2014,,Larkin LLC,1505 S BLOUNT ST,RALEIGH,NC,27603,US,Leila VonRueden,867 OMAHA DR,BROADWAY,NC,27505,US,266.731.3437 x34955,TRUCKLOAD,500401790,227,6,box
9/19/2014,N,Larkin LLC,1505 S BLOUNT ST,RALEIGH,NC,27603,US,Nicolette Walsh,200 WATERS WAY,LILLINGTON,NC,27546,US,185.899.4299,TRUCKLOAD,500401365:19:00,27.4,1,box
9/19/2014,,Larkin LLC,1505 S BLOUNT ST,RALEIGH,NC,27603,US,Miss Teresa Rohan,5931 MCDOUGALD ROAD,LILLINGTON,NC,27546,US,1-334-131-6104,TRUCKLOAD,500392420,141.5,3,box
9/19/2014,,Larkin LLC,1505 S BLOUNT ST,RALEIGH,NC,27603,US,Haylee Olson,72 PATRICIA WAY,LILLINGTON,NC,27546,US,(891)693-8176,TRUCKLOAD,520233555:19:00,58,1,box
9/19/2014,,Larkin LLC,1505 S BLOUNT ST,RALEIGH,NC,27603,US,Sadie Funk,"145 MORGAN DR, CAROLINA CONSTRUCTION AND RESTORAT",LILLINGTON,NC,27546,US,709.601.9482 x9737,TRUCKLOAD,520241425:19:00,20,1,box
9/20/2014,,Larkin LLC,1505 S BLOUNT ST,RALEIGH,NC,27603,US,Dr. Edyth Harris,6451 FREEPORT RD,FAYETTEVILLE,NC,28303,US,(247)856-7352 x43614,TRUCKLOAD,500403390,71.23,3,box
9/20/2014,,Larkin LLC,1505 S BLOUNT ST,RALEIGH,NC,27603,US,Katlyn Hudson,221 WEST DOVE RIDGE LANE,SPRING LAKE,NC,28390,US,(935)443-4008,TRUCKLOAD,500395225,10,1,box
9/20/2014,,Larkin LLC,1505 S BLOUNT ST,RALEIGH,NC,27603,US,Ms. Reba Doyle,225 EILEEN DR,SPRING LAKE,NC,28390,US,855-262-5784,TRUCKLOAD,500403800,85.34,5,box
9/20/2014,,Larkin LLC,1505 S BLOUNT ST,RALEIGH,NC,27603,US,Libby Kris,505 ROLLING PINES DR,SPRING LAKE,NC,28390,US,1-477-547-5428 x9961,TRUCKLOAD,500389515,174,5,box
9/20/2014,,Larkin LLC,1505 S BLOUNT ST,RALEIGH,NC,27603,US,Mr. Makenzie Grimes,45 TRELLIS COURT,LILLINGTON,NC,27546,US,(294)699-3956 x913,TRUCKLOAD,500401760,93.27,4,box
9/20/2014,,Larkin LLC,1505 S BLOUNT ST,RALEIGH,NC,27603,US,Uriah Beer,921 ANTHEM LANE,FAYETTEVILLE,NC,28311,US,622.491.4345,TRUCKLOAD,500389385,40.24,2,box
9/20/2014,M,Larkin LLC,1505 S BLOUNT ST,RALEIGH,NC,27603,US,Delia Boyle,3000 COOLEE CIRCLE,FAYETTEVILLE,NC,28311,US,685.190.4219 x8392,TRUCKLOAD,500399165,87.86,2,box
9/20/2014,,Larkin LLC,1505 S BLOUNT ST,RALEIGH,NC,27603,US,Miss Jordan Bednar,7064 PANTEGO DR,FAYETTEVILLE,NC,28314,US,(877)891-6615 x668,TRUCKLOAD,500396540,55,1,box
9/20/2014,,Larkin LLC,1505 S BLOUNT ST,RALEIGH,NC,27603,US,Zachery Hyatt,5120 PARCSTONE LANE APT V,FAYETTEVILLE,NC,28314,US,(543)537-9517,TRUCKLOAD,500393410,80,1,box
9/20/2014,,Larkin LLC,1505 S BLOUNT ST,RALEIGH,NC,27603,US,Clay Quigley,5004 YORKCHESTER DR,FAYETTEVILLE,NC,28314,US,1-312-948-7409 x77448,TRUCKLOAD,500399810,142,4,box
9/20/2014,,Larkin LLC,1505 S BLOUNT ST,RALEIGH,NC,27603,US,Miss Virginia Kris,183 CHESWICK DRIVE,RAEFORD,NC,28376,US,847.968.3492 x959,TRUCKLOAD,500400920,7.98,1,box
9/20/2014,,Larkin LLC,1505 S BLOUNT ST,RALEIGH,NC,27603,US,Lucienne Nitzsche,2317 BENTRIDGE LANE,FAYETTEVILLE,NC,28314,US,1-209-580-9415 x94566,TRUCKLOAD,500403830,113.66,9,box
9/20/2014,,Larkin LLC,1505 S BLOUNT ST,RALEIGH,NC,27603,US,Kaci Rutherford,567 CAPE FEAR DRIVE,RAEFORD,NC,28376,US,944.713.6745,TRUCKLOAD,500402530,129.52,6,box
9/20/2014,,Larkin LLC,1505 S BLOUNT ST,RALEIGH,NC,27603,US,Eden Shanahan,1334 PHILLIP CHURCH RD,RAEFORD,NC,28376,US,149-486-5963 x90583,TRUCKLOAD,500400010,174.38,5,box
9/20/2014,,Larkin LLC,1505 S BLOUNT ST,RALEIGH,NC,27603,US,Dallas Ortiz,233 AUDUBON DRIVE,RAEFORD,NC,28376,US,889-865-1093 x83076,TRUCKLOAD,500400650,148,3,box
9/20/2014,,Larkin LLC,1505 S BLOUNT ST,RALEIGH,NC,27603,US,Mrs. Talia Lakin,944 ST JOHNS LOOP,RAEFORD,NC,28376,US,318.146.5118 x39898,TRUCKLOAD,500401425,4.64,1,box
9/20/2014,M,Larkin LLC,1505 S BLOUNT ST,RALEIGH,NC,27603,US,Meda Kulas,4425 ROSE MEADOW DR,HOPE MILLS,NC,28348,US,1-750-305-5456,TRUCKLOAD,500403410,220.17,13,box
9/20/2014,,Larkin LLC,1505 S BLOUNT ST,RALEIGH,NC,27603,US,Saul Wehner DVM,"525 GRAND WAILEA DR, APT 1022",HOPE MILLS,NC,28348,US,297-413-6857 x818,TRUCKLOAD,500400685:20:00,146.37,4,box
9/20/2014,E,Larkin LLC,1505 S BLOUNT ST,RALEIGH,NC,27603,US,Louisa Fritsch Sr.,"540 GRAND WAILER DRIVE, APT 812",HOPE MILLS,NC,28348,US,1-680-199-1052 x7800,TRUCKLOAD,500400505:20:00,47.19,2,box
9/20/2014,,Larkin LLC,1505 S BLOUNT ST,RALEIGH,NC,27603,US,Ms. Reyes Rogahn,"525 GRAND WAILEA DRIVE, APT 1022",HOPE MILLS,NC,28348,US,1-984-590-3598 x733,TRUCKLOAD,500398640,77.91,6,box
9/20/2014,,Larkin LLC,1505 S BLOUNT ST,RALEIGH,NC,27603,US,Jerad Zboncak,850 PECAN GROVE LOOP,HOPE MILLS,NC,28348,US,1-549-960-4245 x6330,TRUCKLOAD,500392765:20:00,14.58,1,box
9/20/2014,M,Larkin LLC,1505 S BLOUNT ST,RALEIGH,NC,27603,US,Ms. Laverne Gaylord,1262 GUMSHAW ROAD,WHITE OAK,NC,28399,US,337.231.7018,TRUCKLOAD,500376315:20:00,290.74,12,box
9/20/2014,,Larkin LLC,1505 S BLOUNT ST,RALEIGH,NC,27603,US,Dr. Haylee Okuneva,6535 OAK GROVE CHURCH,STEDMAN,NC,28391,US,(774)907-5619,TRUCKLOAD,500403890,8.9,1,box
9/20/2014,,Larkin LLC,1505 S BLOUNT ST,RALEIGH,NC,27603,US,Leatha Greenholt,3317 MEMPHIS DRIVE,FAYETTEVILLE,NC,28301,US,(602)977-9580 x85791,TRUCKLOAD,500388745:20:00,8.55,1,box
9/20/2014,,Larkin LLC,1505 S BLOUNT ST,RALEIGH,NC,27603,US,Judy Goyette,51 CAMBRIDGE ARM APT A,FAYETTEVILLE,NC,28303,US,(467)831-3140,TRUCKLOAD,500403560,60.36,2,box
9/20/2014,,Larkin LLC,1505 S BLOUNT ST,RALEIGH,NC,27603,US,Rylan Kunde,"4615 DUNCASTLE ROAD, APT 2H",FAYETTEVILLE,NC,28314,US,1-311-077-1050,TRUCKLOAD,500405770,0,0,box
9/20/2014,,Larkin LLC,1505 S BLOUNT ST,RALEIGH,NC,27603,US,Gaetano Blick,417 CONIFER,FAYETTEVILLE,NC,28314,US,773.554.1980,TRUCKLOAD,591121950,61,1,box
9/23/2014,,Larkin LLC,1505 S BLOUNT ST,RALEIGH,NC,27603,US,Roberto Hayes III,4044 RED OAK DRIVE,FAYETTEVILLE,NC,28306,US,341.183.8842,TRUCKLOAD,500406320,0,0,box
9/23/2014,,Larkin LLC,1505 S BLOUNT ST,RALEIGH,NC,27603,US,Cassandra Hilpert,2549 FOREST LODGE DR,FAYETTEVILLE,NC,28306,US,592-560-3838 x269,TRUCKLOAD,500403945,8.35,1,box
9/23/2014,,Larkin LLC,1505 S BLOUNT ST,RALEIGH,NC,27603,US,Sidney Gottlieb,2637 DANZANTE PL,FAYETTEVILLE,NC,28306,US,1-379-371-6378,TRUCKLOAD,500387375,17.86,1,box
9/23/2014,,Larkin LLC,1505 S BLOUNT ST,RALEIGH,NC,27603,US,Estel McLaughlin I,2904 MARCUS JAMES DRIVE,FAYETTEVILLE,NC,28306,US,(266)352-8792,TRUCKLOAD,500404430,135.76,8,box
9/23/2014,,Larkin LLC,1505 S BLOUNT ST,RALEIGH,NC,27603,US,Lester Boehm,5869 PERMASONE LAKE RD,HOPE MILLS,NC,28348,US,307.318.6132 x130,TRUCKLOAD,500403135,75,1,box
9/23/2014,,Larkin LLC,1505 S BLOUNT ST,RALEIGH,NC,27603,US,Ruth Friesen,5570 HALLWOOD DRIVE,HOPE MILLS,NC,28348,US,242.556.1086 x463,TRUCKLOAD,500402700,206.71,9,box
9/23/2014,,Larkin LLC,1505 S BLOUNT ST,RALEIGH,NC,27603,US,Ryley Lebsack,3228 MASTERS DRIVE,HOPE MILLS,NC,28348,US,1-809-039-1196 x93479,TRUCKLOAD,500405610,83.32,5,box
9/23/2014,,Larkin LLC,1505 S BLOUNT ST,RALEIGH,NC,27603,US,Stephania Dietrich,728 BENT CREEK DRIVE,HOPE MILLS,NC,28348,US,1-250-615-3875 x1092,TRUCKLOAD,500397590,64.8,3,box
9/23/2014,,Larkin LLC,1505 S BLOUNT ST,RALEIGH,NC,27603,US,Boris Graham,848 SCREECH OWL DR,HOPE MILLS,NC,28348,US,1-573-021-6659 x257,TRUCKLOAD,500398040,207.52,6,box
9/23/2014,,Larkin LLC,1505 S BLOUNT ST,RALEIGH,NC,27603,US,Hope Fadel Sr.,5112 GOSHAWK DR,HOPE MILLS,NC,28348,US,(514)906-2585,TRUCKLOAD,591122010,49,1,box
9/23/2014,,Larkin LLC,1505 S BLOUNT ST,RALEIGH,NC,27603,US,Gerhard Hills,5621 ONE PLUTT LANE,HOPE MILLS,NC,28348,US,(992)060-2694 x910,TRUCKLOAD,500404130,34.75,6,box
9/23/2014,,Larkin LLC,1505 S BLOUNT ST,RALEIGH,NC,27603,US,Dr. Dana Connelly,3481 BUTLER NURSERY RD,FAYETTEVILLE,NC,28306,US,1-468-306-6379,TRUCKLOAD,500405640,171.13,11,box
9/23/2014,,Larkin LLC,1505 S BLOUNT ST,RALEIGH,NC,27603,US,Dr. Craig Dare,1842 ROCKROSE DR,FAYETTEVILLE,NC,28312,US,1-694-043-6671 x61190,TRUCKLOAD,500404380,46.6,1,box
9/23/2014,,Larkin LLC,1505 S BLOUNT ST,RALEIGH,NC,27603,US,Dr. Craig Dare,1842 ROCKROSE DR,FAYETTEVILLE,NC,28312,US,1-694-043-6671 x61190,TRUCKLOAD,500406340,0,0,box
9/23/2014,,Larkin LLC,1505 S BLOUNT ST,RALEIGH,NC,27603,US,Jamison Cummerata,246 ROBESON STREET,FAYETTEVILLE,NC,28301,US,113-782-8230 x6787,TRUCKLOAD,500405370,2.11,1,box
9/23/2014,,Larkin LLC,1505 S BLOUNT ST,RALEIGH,NC,27603,US,Dillan Hane,"2109 ELVIRA ST, APT 907",FAYETTEVILLE,NC,28303,US,1-914-040-4845,TRUCKLOAD,500399895,42.6,2,box
9/23/2014,,Larkin LLC,1505 S BLOUNT ST,RALEIGH,NC,27603,US,Christina Hettinger,5598 LINKWOOD DRIVE,FAYETTEVILLE,NC,28311,US,891-682-5768 x487,TRUCKLOAD,500399535,11.78,1,box
9/23/2014,,Larkin LLC,1505 S BLOUNT ST,RALEIGH,NC,27603,US,Abraham Jones,294 STEEPHILL LANE,FAYETTEVILLE,NC,28311,US,526.669.3915 x18596,TRUCKLOAD,500393820,58.5,2,box
9/23/2014,,Larkin LLC,1505 S BLOUNT ST,RALEIGH,NC,27603,US,Brigitte Abernathy,1070 MICHAH'S WAY NORTH,SPRING LAKE,NC,28390,US,1-147-192-4229 x1688,TRUCKLOAD,591121790,15.65,1,box
9/23/2014,,Larkin LLC,1505 S BLOUNT ST,RALEIGH,NC,27603,US,Penelope Fisher,473 ASHEFORD WAY,CAMERON,NC,28326,US,1-344-457-2649 x09157,TRUCKLOAD,500395795,72,1,box
9/23/2014,M,Larkin LLC,1505 S BLOUNT ST,RALEIGH,NC,27603,US,Titus Gleichner MD,207 SAMUEL NICHOLAS DRIVE,CAMERON,NC,28326,US,278-700-1555 x411,TRUCKLOAD,500405695,62.27,3,box
9/23/2014,,Larkin LLC,1505 S BLOUNT ST,RALEIGH,NC,27603,US,Mckayla Sporer,15 CROMWELL CIRCLE,CAMERON,NC,28326,US,322.570.1190,TRUCKLOAD,500398200,175.69,12,box
,,Larkin LLC,1505 S BLOUNT ST,RALEIGH,NC,27603,US,Camille Baumbach,"854 SCOTCH HALLWAY, APT 302",FAYETTEVILLE,NC,28303,US,1-796-986-1077 x47417,TRUCKLOAD,500405420,27,2,box
9/23/2014,,Larkin LLC,1505 S BLOUNT ST,RALEIGH,NC,27603,US,Gertrude Witting MD,608 RAVEN PLACE,FAYETTEVILLE,NC,28314,US,1-934-841-0664 x76456,TRUCKLOAD,500404350,242.76,10,box
9/23/2014,,Larkin LLC,1505 S BLOUNT ST,RALEIGH,NC,27603,US,Miss Antonina Klocko,"3441 DORADO CIRCLE, UNIT 306",FAYETTEVILLE,NC,28304,US,(308)196-2507,TRUCKLOAD,500396100,27.4,1,box
9/23/2014,,Larkin LLC,1505 S BLOUNT ST,RALEIGH,NC,27603,US,Freddy Considine,1354 OAK KNOLLS,FAYETTEVILLE,NC,28314,US,1-370-718-7852 x569,TRUCKLOAD,500397740,163.4,3,box
9/23/2014,E,Larkin LLC,1505 S BLOUNT ST,RALEIGH,NC,27603,US,Ms. Evan Watsica,7805 LAURA ANN COURT,FAYETTEVILLE,NC,28314,US,(337)530-6218 x949,TRUCKLOAD,500398425,9.72,1,box
9/23/2014,,Larkin LLC,1505 S BLOUNT ST,RALEIGH,NC,27603,US,Baby Aufderhar,106 CATHERINE STREET,RAEFORD,NC,28376,US,323.834.0308 x78540,TRUCKLOAD,500399295,120.24,14,box
9/23/2014,,Larkin LLC,1505 S BLOUNT ST,RALEIGH,NC,27603,US,Mr. Benton Marvin,130 BEVERLY COURT,RAEFORD,NC,28376,US,(294)159-3353 x693,TRUCKLOAD,500397530,193.68,16,box
9/23/2014,,Larkin LLC,1505 S BLOUNT ST,RALEIGH,NC,27603,US,Lia Miller,6655 PHILLIPI CHURCH RD,RAEFORD,NC,28376,US,323-847-4345,TRUCKLOAD,591121915,12.74,1,box
9/23/2014,,Larkin LLC,1505 S BLOUNT ST,RALEIGH,NC,27603,US,Silas Waelchi,5809 HIGHSTAN COURT,FAYETTEVILLE,NC,28304,US,580-459-3848 x47960,TRUCKLOAD,500397750,126,2,box
9/23/2014,N,Larkin LLC,1505 S BLOUNT ST,RALEIGH,NC,27603,US,Wilma McKenzie,3091-Q STONE CARRIAGE CIR,FAYETTEVILLE,NC,28304,US,(991)320-1783 x690,TRUCKLOAD,500389620,139.26,8,box
9/23/2014,,Larkin LLC,1505 S BLOUNT ST,RALEIGH,NC,27603,US,Lucious Walsh,1017 WAYSIDE DRIVE,FAYETTEVILLE,NC,28314,US,563.857.5804 x3260,TRUCKLOAD,500398030,7.53,1,box
9/23/2014,,Larkin LLC,1505 S BLOUNT ST,RALEIGH,NC,27603,US,Mrs. Mikel Lebsack,"827 KING ARTHUR DR, APT 3",FAYETTEVILLE,NC,28314,US,(372)820-5343 x89833,TRUCKLOAD,500398110,92.2,10,box
9/24/2014,,Larkin LLC,1505 S BLOUNT ST,RALEIGH,NC,27603,US,Alex Emard Sr.,603 PLATINUM ST,FAYETTEVILLE,NC,28311,US,591.773.7735 x9330,TRUCKLOAD,500405180,137.01,7,box
9/24/2014,,Larkin LLC,1505 S BLOUNT ST,RALEIGH,NC,27603,US,Griffin Schultz,"1390 REGATTA STREET, APT 313",FAYETTEVILLE,NC,28301,US,232.375.7960 x9533,TRUCKLOAD,500402705,5.53,4,box
9/24/2014,,Larkin LLC,1505 S BLOUNT ST,RALEIGH,NC,27603,US,Kamille Lakin,3414 YOUNGSTOWN DR,FAYETTEVILLE,NC,28303,US,635-630-7034 x34995,TRUCKLOAD,500405050,139,3,box
9/24/2014,,Larkin LLC,1505 S BLOUNT ST,RALEIGH,NC,27603,US,Mrs. Ettie Koelpin,4612 KEG COURT,FAYETTEVILLE,NC,28314,US,1-392-838-2467,TRUCKLOAD,591122170,45,1,box
9/24/2014,,Larkin LLC,1505 S BLOUNT ST,RALEIGH,NC,27603,US,Nolan Morissette,844 LIBERTY LANE,FAYETTEVILLE,NC,28311,US,1-120-565-7084 x10475,TRUCKLOAD,500404820,132.22,14,box
9/24/2014,,Larkin LLC,1505 S BLOUNT ST,RALEIGH,NC,27603,US,Mrs. Camylle Langosh,4014 PLEASANTBURG DRIVE,FAYETTEVILLE,NC,28312,US,(373)289-3374,TRUCKLOAD,500404980,67.58,6,box
9/24/2014,,Larkin LLC,1505 S BLOUNT ST,RALEIGH,NC,27603,US,Adriana Zieme I,871 MCPHIL ROAD,ROSEBORO,NC,28382,US,1-657-871-1842,TRUCKLOAD,500392710,183,3,box
9/24/2014,,Larkin LLC,1505 S BLOUNT ST,RALEIGH,NC,27603,US,Zachery Barrows,1385 LAKEWOOD SCHOOL RD,SALEMBURG,NC,28385,US,170.386.7193 x83149,TRUCKLOAD,500403280,66.22,3,box
9/24/2014,,Larkin LLC,1505 S BLOUNT ST,RALEIGH,NC,27603,US,Rick Blanda V,1757 LAKE WOOD SCHOOL ROAD,SALEMBURG,NC,28385,US,388.722.3985 x4885,TRUCKLOAD,500397540,161.04,8,box
9/24/2014,,Larkin LLC,1505 S BLOUNT ST,RALEIGH,NC,27603,US,Shayne Nitzsche MD,30 NORTHGATE LANE,CLINTON,NC,28328,US,548.082.1612 x7613,TRUCKLOAD,500406520,0,0,box
9/24/2014,,Larkin LLC,1505 S BLOUNT ST,RALEIGH,NC,27603,US,Melyna Gottlieb,101 MATHIS ROAD,CLINTON,NC,28328,US,510.355.6419 x827,TRUCKLOAD,500402735,124.63,6,box
9/24/2014,,Larkin LLC,1505 S BLOUNT ST,RALEIGH,NC,27603,US,Harmony Kunze,108 ROUGHLEAF TRAIL,HAMPSTEAD,NC,28443,US,344.399.3341 x3662,TRUCKLOAD,591120935,7.29,1,box
9/24/2014,,Larkin LLC,1505 S BLOUNT ST,RALEIGH,NC,27603,US,Dr. Agnes Schamberger,1405 ANN STREET,WHITEVILLE,NC,28472,US,824.153.8727 x5365,TRUCKLOAD,500392010,81.8,5,box
9/24/2014,,Larkin LLC,1505 S BLOUNT ST,RALEIGH,NC,27603,US,Charity Waelchi,7749 HIGHWAY 130 EAST,FAIRMONT,NC,28340,US,1-633-344-6379 x85254,TRUCKLOAD,500406480,0,0,box
9/24/2014,,Larkin LLC,1505 S BLOUNT ST,RALEIGH,NC,27603,US,Charity Waelchi,127 YUKON DRIVE,FAIRMONT,NC,28340,US,1-633-344-6379 x85254,TRUCKLOAD,500403670,50,1,box
9/24/2014,,Larkin LLC,1505 S BLOUNT ST,RALEIGH,NC,27603,US,Alexanne Cronin,3450 PLEASANT HOPE ROAD,FAIRMONT,NC,28340,US,684.458.3277 x867,TRUCKLOAD,191289860,32.22,1,box
9/24/2014,M,Larkin LLC,1505 S BLOUNT ST,RALEIGH,NC,27603,US,Amani Beer,337 JERNIGAN ROAD,PEMBROKE,NC,28372,US,(517)486-0877 x530,TRUCKLOAD,500399000,31.7,2,box
9/24/2014,,Larkin LLC,1505 S BLOUNT ST,RALEIGH,NC,27603,US,Jesse King,5113 DEBUT AVE,HOPE MILLS,NC,28348,US,1-279-239-2221,TRUCKLOAD,500404560,9.11,1,box
9/24/2014,,Larkin LLC,1505 S BLOUNT ST,RALEIGH,NC,27603,US,Casimer Nikolaus,1012 GREENHOUSE DR,HOPE MILLS,NC,28348,US,(735)218-9626,TRUCKLOAD,500400715,56.9,8,box
9/24/2014,,Larkin LLC,1505 S BLOUNT ST,RALEIGH,NC,27603,US,Abbey Carroll,4917 BULLS BAY COURT,PARKTON,NC,28371,US,803.341.6098,TRUCKLOAD,500396300,11.32,2,box
9/24/2014,,Larkin LLC,1505 S BLOUNT ST,RALEIGH,NC,27603,US,Marquise Williamson,139 SANDY GROVE ROAD,PARKTON,NC,28371,US,(659)608-6805,TRUCKLOAD,500402550,114,2,box
9/24/2014,,Larkin LLC,1505 S BLOUNT ST,RALEIGH,NC,27603,US,Marquise Williamson,139 SANDY GROVE ROAD,PARKTON,NC,28371,US,(659)608-6805,TRUCKLOAD,500402560,70,1,box
9/24/2014,,Larkin LLC,1505 S BLOUNT ST,RALEIGH,NC,27603,US,Herbert Mann,179 BROOKE RUN,LUMBER BRIDGE,NC,28357,US,(912)470-9289 x12735,TRUCKLOAD,500395895,44.4,5,box
9/24/2014,,Larkin LLC,1505 S BLOUNT ST,RALEIGH,NC,27603,US,Herbert Mann,179 BROOKE RUN,LUMBER BRIDGE,NC,28357,US,(912)470-9289 x12735,TRUCKLOAD,591122060,5.66,1,box
9/24/2014,,Larkin LLC,1505 S BLOUNT ST,RALEIGH,NC,27603,US,Lavina Funk,6755 SUNDOWN LN,PARKTON,NC,28371,US,1-629-372-0472,TRUCKLOAD,500401265,3.06,1,box
9/24/2014,,Larkin LLC,1505 S BLOUNT ST,RALEIGH,NC,27603,US,Shaniya Gulgowski,4910 LION HEART LANE,PARKTON,NC,28371,US,126.258.2326 x29383,TRUCKLOAD,591121365,18.55,1,box
9/24/2014,,Larkin LLC,1505 S BLOUNT ST,RALEIGH,NC,27603,US,Kian Wintheiser,5440 AHOSKIE DR,HOPE MILLS,NC,28348,US,1-951-252-9244 x4953,TRUCKLOAD,500404570,101.4,2,box
9/24/2014,,Larkin LLC,1505 S BLOUNT ST,RALEIGH,NC,27603,US,Marques Bailey,"905 FISHING HOLE TRAIL, APT 103",FAYETTEVILLE,NC,28314,US,323-780-9590 x25726,TRUCKLOAD,500395375,125.97,4,box
9/24/2014,N,Larkin LLC,1505 S BLOUNT ST,RALEIGH,NC,27603,US,Miss Zetta Mann,1025 GLEN REILLY DR,FAYETTEVILLE,NC,28314,US,(379)533-2693,TRUCKLOAD,500394325,2.8,1,box
9/24/2014,,Larkin LLC,1505 S BLOUNT ST,RALEIGH,NC,27603,US,Einar Hayes,1309 KERSHAW 100 P APT 222,FAYETTEVILLE,NC,28314,US,(376)692-2485 x379,TRUCKLOAD,500400785,62.19,6,box
9/24/2014,,Larkin LLC,1505 S BLOUNT ST,RALEIGH,NC,27603,US,Broderick Hettinger PhD,7113 SAN JAUN DRIVE,FAYETTEVILLE,NC,28314,US,1-751-437-0070 x4949,TRUCKLOAD,500405240,15.53,7,box
9/24/2014,,Larkin LLC,1505 S BLOUNT ST,RALEIGH,NC,27603,US,Santina Harber,9032 GROUSE RUN LANE,FAYETTEVILLE,NC,28314,US,179-842-7229 x975,TRUCKLOAD,500391915,16.25,1,box
9/24/2014,,Larkin LLC,1505 S BLOUNT ST,RALEIGH,NC,27603,US,Lacy Monahan,7788 BUTTONWOOD AVENUE,FAYETTEVILLE,NC,28314,US,541.974.6154 x062,TRUCKLOAD,500378075,25.86,1,box
9/24/2014,,Larkin LLC,1505 S BLOUNT ST,RALEIGH,NC,27603,US,Rosella Mitchell,2001 SHILOH DRIVE,FAYETTEVILLE,NC,28304,US,1-261-308-9667,TRUCKLOAD,500404540,5.59,1,box
9/24/2014,,Larkin LLC,1505 S BLOUNT ST,RALEIGH,NC,27603,US,Rosella Mitchell,2001 SHILOH DRIVE,FAYETTEVILLE,NC,28304,US,1-261-308-9667,TRUCKLOAD,500406500,0,0,box
9/24/2014,,Larkin LLC,1505 S BLOUNT ST,RALEIGH,NC,27603,US,Julien Lehner IV,"5281 CUMBERLAND DR, APT 103",FAYETTEVILLE,NC,28306,US,326-205-1390 x0758,TRUCKLOAD,500404500,5.59,1,box
9/24/2014,,Larkin LLC,1505 S BLOUNT ST,RALEIGH,NC,27603,US,Price Mills,3560 BURCHFIELD COURT,FAYETTEVILLE,NC,28306,US,227.212.2914,TRUCKLOAD,500404470,28.5,1,box
9/24/2014,,Larkin LLC,1505 S BLOUNT ST,RALEIGH,NC,27603,US,Holden O'Reilly,3005 KIBIRNIE LANE,FAYETTEVILLE,NC,28306,US,(789)922-7576 x2000,TRUCKLOAD,500404640,49.53,10,box
9/25/2014,,Larkin LLC,1505 S BLOUNT ST,RALEIGH,NC,27603,US,Lawrence Stehr,74 STONEHURST DR,SPRING LAKE,NC,28390,US,548.509.2640,TRUCKLOAD,500396855,46.18,4,box
9/25/2014,,Larkin LLC,1505 S BLOUNT ST,RALEIGH,NC,27603,US,Karlee Bashirian DVM,645 ANDERSON CREEK DRIVE,SPRING LAKE,NC,28390,US,1-561-657-1804 x78368,TRUCKLOAD,500391445,36.36,8,box
9/25/2014,,Larkin LLC,1505 S BLOUNT ST,RALEIGH,NC,27603,US,Forest Farrell III,125 FALLING WATER RD,SPRING LAKE,NC,28390,US,706-187-8872 x502,TRUCKLOAD,500400600,77.25,5,box
9/25/2014,,Larkin LLC,1505 S BLOUNT ST,RALEIGH,NC,27603,US,Clovis Jones,2277 TINGEN ROAD,BROADWAY,NC,27505,US,618.816.1860,TRUCKLOAD,500403140,154.22,12,box
9/25/2014,,Larkin LLC,1505 S BLOUNT ST,RALEIGH,NC,27603,US,Lonny O'Hara MD,201 OMAHA DRIVE,BROADWAY,NC,27505,US,1-226-336-9949,TRUCKLOAD,500398900,48,1,box
9/25/2014,,Larkin LLC,1505 S BLOUNT ST,RALEIGH,NC,27603,US,Quinton Zulauf,990 CP STEWART ROAD,LILLINGTON,NC,27546,US,771.078.4933 x624,TRUCKLOAD,500403220,60.62,5,box
9/25/2014,,Larkin LLC,1505 S BLOUNT ST,RALEIGH,NC,27603,US,Elinore Hammes,1946 HORSESHOE BEND ROAD,ERWIN,NC,28339,US,169.125.6666,TRUCKLOAD,500405620,31.5,2,box
9/25/2014,,Larkin LLC,1505 S BLOUNT ST,RALEIGH,NC,27603,US,Elinore Hammes,1946 HORSESHOE BEND ROAD,ERWIN,NC,28339,US,169.125.6666,TRUCKLOAD,500406780,0,0,box
9/25/2014,,Larkin LLC,1505 S BLOUNT ST,RALEIGH,NC,27603,US,Ms. Albert Hayes,255 STEEPHILL LN,FAYETTEVILLE,NC,28311,US,1-692-579-3465,TRUCKLOAD,500353320,31.5,1,box
9/25/2014,,Larkin LLC,1505 S BLOUNT ST,RALEIGH,NC,27603,US,Dr. Ressie Heathcote,173 NANDINA COURT,FAYETTEVILLE,NC,28311,US,824.352.5233 x434,TRUCKLOAD,500398985,11,1,box
9/25/2014,,Larkin LLC,1505 S BLOUNT ST,RALEIGH,NC,27603,US,Ericka Schuppe Jr.,6370 ABERCARN WAY,FAYETTEVILLE,NC,28311,US,(970)737-7721,TRUCKLOAD,500404360,42.47,6,box
9/25/2014,,Larkin LLC,1505 S BLOUNT ST,RALEIGH,NC,27603,US,Jerald Littel DVM,621 SPYGLASS DR,FAYETTEVILLE,NC,28311,US,(546)470-5136 x171,TRUCKLOAD,500401560,24,1,box
9/25/2014,,Larkin LLC,1505 S BLOUNT ST,RALEIGH,NC,27603,US,Mrs. Kamryn Nicolas,1380 REGATTA STREET APT 301,FAYETTEVILLE,NC,28301,US,392-431-7657,TRUCKLOAD,500396340,32,1,box
9/25/2014,,Larkin LLC,1505 S BLOUNT ST,RALEIGH,NC,27603,US,Mr. Mabel Ratke,5113 DEBUT AVE,HOPE MILLS,NC,28348,US,502-344-1239 x092,TRUCKLOAD,500399115,30.95,2,box
9/25/2014,N,Larkin LLC,1505 S BLOUNT ST,RALEIGH,NC,27603,US,Mrs. Domenica Funk,5515 ASCENT DRIVE,HOPE MILLS,NC,28348,US,1-359-712-9379,TRUCKLOAD,500400860,153.25,6,box
9/25/2014,,Larkin LLC,1505 S BLOUNT ST,RALEIGH,NC,27603,US,Trisha Cormier,3608 CASTLEFIELD LANE,FAYETTEVILLE,NC,28306,US,(294)923-0461 x24494,TRUCKLOAD,500405410,13.83,1,box
9/25/2014,N,Larkin LLC,1505 S BLOUNT ST,RALEIGH,NC,27603,US,Trisha Cormier,3608 CASTLEFIELD LANE,FAYETTEVILLE,NC,28306,US,(294)923-0461 x24494,TRUCKLOAD,500406680,0,0,box
9/25/2014,,Larkin LLC,1505 S BLOUNT ST,RALEIGH,NC,27603,US,Clementina Oberbrunner,"635 MARSHTREE LANE, UNIT 207",FAYETTEVILLE,NC,28314,US,260.579.8764 x89444,TRUCKLOAD,500395855,17.86,1,box
9/25/2014,,Larkin LLC,1505 S BLOUNT ST,RALEIGH,NC,27603,US,Miss Colten MacGyver,1400 HARVEST HILL COURT,FAYETTEVILLE,NC,28314,US,927.755.4985,TRUCKLOAD,500405020,14.2,4,box
9/25/2014,,Larkin LLC,1505 S BLOUNT ST,RALEIGH,NC,27603,US,Javon Hoppe,20 HURTGEN PLACE,FORT BRAGG,NC,28307,US,1-342-160-2374,TRUCKLOAD,500396485,64,1,box
9/25/2014,,Larkin LLC,1505 S BLOUNT ST,RALEIGH,NC,27603,US,Camille Baumbach,854 Scotch Hallway apt 302,FAYETTEVILLE,NC,28303,US,1-796-986-1077 x47417,TRUCKLOAD,500406710,0,0,box
9/25/2014,,Larkin LLC,1505 S BLOUNT ST,RALEIGH,NC,27603,US,Jeramie Rippin,"554 BIRDSONG LANE, APT 307",FAYETTEVILLE,NC,28303,US,(164)233-5880 x094,TRUCKLOAD,500405430,103.07,9,box
9/25/2014,,Larkin LLC,1505 S BLOUNT ST,RALEIGH,NC,27603,US,Kendall MacGyver,"4611 DUNCASTLE RD, APT 1F",FAYETTEVILLE,NC,28314,US,335-234-1034 x4044,TRUCKLOAD,500403980,255.94,12,box
9/25/2014,N,Larkin LLC,1505 S BLOUNT ST,RALEIGH,NC,27603,US,Marianna Leannon,"Q910 CRESCENT COMMONS WAY, APT 202",FAYETTEVILLE,NC,28314,US,452.466.0105,TRUCKLOAD,500402760,154.52,5,box
9/25/2014,,Larkin LLC,1505 S BLOUNT ST,RALEIGH,NC,27603,US,Lacy Monahan,7788 BUTTONWOOD AVENUE,FAYETTEVILLE,NC,28314,US,541.974.6154 x062,TRUCKLOAD,500405520,53,3,box
9/25/2014,,Larkin LLC,1505 S BLOUNT ST,RALEIGH,NC,27603,US,Clay Quigley,5004 YORKCHESTER DR,FAYETTEVILLE,NC,28314,US,1-312-948-7409 x77448,TRUCKLOAD,500399825,15,1,box
9/25/2014,,Larkin LLC,1505 S BLOUNT ST,RALEIGH,NC,27603,US,Miss Bertha Goyette,408 HUNTERS CREEK DRIVE,RAEFORD,NC,28376,US,465-479-6063 x717,TRUCKLOAD,500379305,65,1,box
9/25/2014,,Larkin LLC,1505 S BLOUNT ST,RALEIGH,NC,27603,US,Reyna Collier,297 BROWN STONE DRIVE,RAEFORD,NC,28376,US,731.394.3530 x87273,TRUCKLOAD,500399620,16.19,1,box
9/25/2014,,Larkin LLC,1505 S BLOUNT ST,RALEIGH,NC,27603,US,Antonio Mraz,117 RAYMOND STREET,RAEFORD,NC,28376,US,(171)528-2157,TRUCKLOAD,500400900,16.34,3,box
9/25/2014,,Larkin LLC,1505 S BLOUNT ST,RALEIGH,NC,27603,US,Gussie Smitham,203 BEANE RUN,ROCKINGHAM,NC,28379,US,967-103-1615 x96451,TRUCKLOAD,500404830,173.4,4,box
9/25/2014,,Larkin LLC,1505 S BLOUNT ST,RALEIGH,NC,27603,US,Jessy Bernhard,5942 CHAMBRAIN DRIVE,FAYETTEVILLE,NC,28314,US,(806)916-1055 x04983,TRUCKLOAD,500405160,168.95,8,box
9/26/2014,,Larkin LLC,1505 S BLOUNT ST,RALEIGH,NC,27603,US,Shania Bechtelar,190 DUBLIN CT,SOUTHERN PINES,NC,28387,US,923-480-7635 x563,TRUCKLOAD,500401090,72,1,box
9/26/2014,,Larkin LLC,1505 S BLOUNT ST,RALEIGH,NC,27603,US,Sonny King,5702 CALUMET CT,ABERDEEN,NC,28315,US,1-295-656-7026 x69946,TRUCKLOAD,,5.24,1,box
9/26/2014,,Larkin LLC,1505 S BLOUNT ST,RALEIGH,NC,27603,US,Viviane O'Conner,1006 WILDER AVE,ABERDEEN,NC,28315,US,(987)599-2123,TRUCKLOAD,500402435,15.33,6,box
9/26/2014,,Larkin LLC,1505 S BLOUNT ST,RALEIGH,NC,27603,US,Clement Tromp Jr.,195 WATERWOOD CT,RAEFORD,NC,28376,US,1-207-545-7387 x8042,TRUCKLOAD,500403310,28.9,1,box
9/26/2014,,Larkin LLC,1505 S BLOUNT ST,RALEIGH,NC,27603,US,Esteban O'Connell,164 AUTUMN LANE,RAEFORD,NC,28376,US,767-616-3976,TRUCKLOAD,591121975,7.9,1,box
9/26/2014,,Baby Aufderhar,106 CATHERINE STREET,RAEFORD,NC,28376,US,Larkin LLC,1505 S BLOUNT ST,RALEIGH,NC,27603,US,323.834.0308 x78540,TRUCKLOAD,500399290,69,1,box
9/26/2014,,Larkin LLC,1505 S BLOUNT ST,RALEIGH,NC,27603,US,Mrs. Bailey Howe,5026 WESTERLY DR,FAYETTEVILLE,NC,28314,US,893.387.3671,TRUCKLOAD,500404330,27.04,7,box
9/26/2014,,Larkin LLC,1505 S BLOUNT ST,RALEIGH,NC,27603,US,Chelsey Braun,1579 ROSSMERE DRIVE,FAYETTEVILLE,NC,28314,US,(845)236-7280 x922,TRUCKLOAD,500405575,0,0,box
9/26/2014,,Larkin LLC,1505 S BLOUNT ST,RALEIGH,NC,27603,US,Janie Reilly,7000 DALEHEAD CT,FAYETTEVILLE,NC,28306,US,(373)578-9294 x54300,TRUCKLOAD,500400895,46.22,2,box
9/26/2014,,Larkin LLC,1505 S BLOUNT ST,RALEIGH,NC,27603,US,Josh Harvey,5146 PONDEROSA DRIVE,FAYETTEVILLE,NC,28304,US,562-791-7153,TRUCKLOAD,500400530,131.33,9,box
9/26/2014,,Larkin LLC,1505 S BLOUNT ST,RALEIGH,NC,27603,US,Genesis Macejkovic,1510 ASBURY CHURCH ROAD,SANFORD,NC,27330,US,809.534.1982,TRUCKLOAD,500389790,151.66,5,box
9/26/2014,,Larkin LLC,1505 S BLOUNT ST,RALEIGH,NC,27603,US,Ariane Heathcote,294 N PRINCE HENRY WAY,CAMERON,NC,28326,US,991-301-2740 x5377,TRUCKLOAD,500399530,76.11,6,box
9/26/2014,,Larkin LLC,1505 S BLOUNT ST,RALEIGH,NC,27603,US,Colt Renner V,160 CEDAR LANE,SANFORD,NC,27332,US,456-438-8879 x676,TRUCKLOAD,500405170,52.77,6,box
9/26/2014,,Larkin LLC,1505 S BLOUNT ST,RALEIGH,NC,27603,US,Isom Langosh,125 FALLING WATER RD,SPRING LAKE,NC,28390,US,119.741.7082 x091,TRUCKLOAD,500400620,154.66,6,box
9/26/2014,,Larkin LLC,1505 S BLOUNT ST,RALEIGH,NC,27603,US,Alexis Gislason,126 SHINING WATER LANE,SPRING LAKE,NC,28390,US,216-331-7800,TRUCKLOAD,591122180,5.19,1,box
9/26/2014,,Larkin LLC,1505 S BLOUNT ST,RALEIGH,NC,27603,US,Mrs. Agustina Funk,1491 TEMPLE ROAD,BUNNLEVEL,NC,28323,US,844-341-1658,TRUCKLOAD,500397395,22.74,3,box
9/26/2014,,Larkin LLC,1505 S BLOUNT ST,RALEIGH,NC,27603,US,Maximillian Harris,1603 LAKESHORE DR,DUNN,NC,28334,US,1-545-149-6149 x975,TRUCKLOAD,500406880,0,0,box
9/26/2014,N,Larkin LLC,1505 S BLOUNT ST,RALEIGH,NC,27603,US,Mrs. Quincy Goodwin,"1804 WATERFALLWAY, APT 104",SPRING LAKE,NC,28390,US,240.305.7745 x2635,TRUCKLOAD,500404700,151,3,box
9/26/2014,,Larkin LLC,1505 S BLOUNT ST,RALEIGH,NC,27603,US,Dr. Ressie Heathcote,173 MANDINA COURT,FAYETTEVILLE,NC,28311,US,824.352.5233 x434,TRUCKLOAD,500398980,71.33,3,box
9/26/2014,,Larkin LLC,1505 S BLOUNT ST,RALEIGH,NC,27603,US,Dr. Lela Little,"351 Sawtooth Dr, Apt 4",FAYETTEVILLE,NC,28314,US,826-158-5054 x20963,TRUCKLOAD,591121735,77.3,2,box
9/26/2014,,Larkin LLC,1505 S BLOUNT ST,RALEIGH,NC,27603,US,Daija Crist,2021 WADE-STEDMAN RD,STEDMAN,NC,28391,US,1-431-591-9868,TRUCKLOAD,500404140,45.29,10,box
9/26/2014,,Larkin LLC,1505 S BLOUNT ST,RALEIGH,NC,27603,US,Rickey Breitenberg,949 RASPBERRY ROAD,STEDMAN,NC,28391,US,1-990-275-5168 x39971,TRUCKLOAD,500400390,127,3,box
9/26/2014,E,Larkin LLC,1505 S BLOUNT ST,RALEIGH,NC,27603,US,Twila Feeney,4906 LAURELWOOD PL,FAYETTEVILLE,NC,28306,US,(464)411-5477,TRUCKLOAD,191291700,1.65,1,box
9/26/2014,,Larkin LLC,1505 S BLOUNT ST,RALEIGH,NC,27603,US,Freeda O'Keefe PhD,"2717 FAIRWINDS LANE, APT 106",FAYETTEVILLE,NC,28306,US,402.404.4802 x74539,TRUCKLOAD,500399340,60,1,box
9/26/2014,,Larkin LLC,1505 S BLOUNT ST,RALEIGH,NC,27603,US,Juanita Kuhn II,4012 TRENCHOLM LN,HOPE MILLS,NC,28348,US,1-197-789-4915 x989,TRUCKLOAD,500399840,80.51,10,box
9/26/2014,,Larkin LLC,1505 S BLOUNT ST,RALEIGH,NC,27603,US,Trisha Cormier,3608 CASTLEFIELD LANE,FAYETTEVILLE,NC,28306,US,(294)923-0461 x24494,TRUCKLOAD,500395800,2.2,2,box
9/26/2014,M,Larkin LLC,1505 S BLOUNT ST,RALEIGH,NC,27603,US,Christine Batz,"3433 TOWN STREET, APT H",HOPE MILLS,NC,28348,US,1-107-228-1328 x933,TRUCKLOAD,500403170,43.96,5,box
9/26/2014,,Larkin LLC,1505 S BLOUNT ST,RALEIGH,NC,27603,US,Keenan Tillman,1406 OXNOP CT,FAYETTEVILLE,NC,28306,US,(548)155-8625 x386,TRUCKLOAD,500405660,273.44,19,box
9/26/2014,,Larkin LLC,1505 S BLOUNT ST,RALEIGH,NC,27603,US,Marianna Kertzmann,723 EMELINE AVE,FAYETTEVILLE,NC,28303,US,107.043.2510 x7132,TRUCKLOAD,500399650,35.61,5,box
9/26/2014,,Larkin LLC,1505 S BLOUNT ST,RALEIGH,NC,27603,US,Norwood Brakus,3344 QUARRY DR,FAYETTEVILLE,NC,28303,US,(534)438-2051,TRUCKLOAD,500405870,40.57,9,box
9/26/2014,,Larkin LLC,1505 S BLOUNT ST,RALEIGH,NC,27603,US,Gertrude Witting MD,608 RAVEN PLACE,FAYETTEVILLE,NC,28314,US,1-934-841-0664 x76456,TRUCKLOAD,500406910,68,1,box
9/26/2014,M,Larkin LLC,1505 S BLOUNT ST,RALEIGH,NC,27603,US,Beryl Zboncak IV,"4615 DUNCASTLE ROAD, APT 2E",FAYETTEVILLE,NC,28314,US,668-137-6584 x7760,TRUCKLOAD,500405720,156.45,7,box
9/26/2014,,Larkin LLC,1505 S BLOUNT ST,RALEIGH,NC,27603,US,Mollie Balistreri,5075 MORGANTON RD,FAYETTEVILLE,NC,28314,US,(920)048-1374 x749,TRUCKLOAD,500406790,23.4,1,box
9/27/2014,,Larkin LLC,1505 S BLOUNT ST,RALEIGH,NC,27603,US,Dr. Ressie Heathcote,173 NANDINA COURT,FAYETTEVILLE,NC,28311,US,824.352.5233 x434,TRUCKLOAD,500407130,0,0,box
9/27/2014,,Larkin LLC,1505 S BLOUNT ST,RALEIGH,NC,27603,US,Madyson Konopelski,228 STEEPHILL LANE,FAYETTEVILLE,NC,28311,US,1-365-032-5257,TRUCKLOAD,500401380,152.91,11,box
9/27/2014,,Larkin LLC,1505 S BLOUNT ST,RALEIGH,NC,27603,US,Ms. Ike Sanford,254 ECLIPSE DR,FAYETTEVILLE,NC,28311,US,1-907-033-1666,TRUCKLOAD,500404910,13.97,1,box
9/27/2014,,Larkin LLC,1505 S BLOUNT ST,RALEIGH,NC,27603,US,Laila Denesik,8608 MATCHPOINT COURT,LINDEN,NC,28356,US,1-268-124-8851 x093,TRUCKLOAD,591121585,16.81,1,box
9/27/2014,,Larkin LLC,1505 S BLOUNT ST,RALEIGH,NC,27603,US,Mrs. Rosamond Jenkins,244 RED OAK DRIVE,SPRING LAKE,NC,28390,US,655.646.4021,TRUCKLOAD,500403365,2.62,1,box
9/27/2014,,Larkin LLC,1505 S BLOUNT ST,RALEIGH,NC,27603,US,Ms. Demetris Bernier,132 CEDAR LANE,SANFORD,NC,27332,US,1-797-126-8645 x80726,TRUCKLOAD,500391335,22.92,3,box
9/27/2014,M,Larkin LLC,1505 S BLOUNT ST,RALEIGH,NC,27603,US,Walter Carter V,16 REESE DRIVE,SANFORD,NC,27332,US,1-514-890-9015 x39934,TRUCKLOAD,500394780,47.28,3,box
9/27/2014,,Larkin LLC,1505 S BLOUNT ST,RALEIGH,NC,27603,US,Jake MacGyver,2224 SOUTHERN RD,SANFORD,NC,27330,US,1-298-792-1248 x85999,TRUCKLOAD,520249960,10.98,2,box
9/27/2014,,Larkin LLC,1505 S BLOUNT ST,RALEIGH,NC,27603,US,Matteo Graham,126 CENTERWOOD CT,SOUTHERN PINES,NC,28387,US,765.330.6461 x247,TRUCKLOAD,520221130,118,2,box
9/27/2014,,Larkin LLC,1505 S BLOUNT ST,RALEIGH,NC,27603,US,Mrs. Payton Kihn,179 CHASE STREET,CAMERON,NC,28326,US,611.438.5780,TRUCKLOAD,500403920,19.3,2,box
9/27/2014,,Larkin LLC,1505 S BLOUNT ST,RALEIGH,NC,27603,US,Mrs. Payton Kihn,179 CHASE STREET,CAMERON,NC,28326,US,611.438.5780,TRUCKLOAD,500407150,0,0,box
9/27/2014,,Larkin LLC,1505 S BLOUNT ST,RALEIGH,NC,27603,US,Eino Botsford,1231 WILDERNESS DR,SPRING LAKE,NC,28390,US,(186)755-3084 x54976,TRUCKLOAD,500404270,149,7,box
9/27/2014,,Larkin LLC,1505 S BLOUNT ST,RALEIGH,NC,27603,US,Barbara Kassulke,"424 TOLBERT CT, APT 101-A",SPRING LAKE,NC,28390,US,734.156.6290 x85015,TRUCKLOAD,500405920,132.32,13,box
9/27/2014,,Larkin LLC,1505 S BLOUNT ST,RALEIGH,NC,27603,US,Alek Kunze Jr.,6574 WINTHROP DRIVE,FAYETTEVILLE,NC,28311,US,(607)264-4265,TRUCKLOAD,500402630,65,1,box
9/27/2014,,Larkin LLC,1505 S BLOUNT ST,RALEIGH,NC,27603,US,Brendan Huels,"850 Sumner Drive, Apt. 31",Fayetteville,NC,28303,US,118-626-4840,TRUCKLOAD,500396685,44.52,4,box
9/27/2014,,Larkin LLC,1505 S BLOUNT ST,RALEIGH,NC,27603,US,Ms. Sophie Kihn,3145 LAKECREST DRIVE,FAYETTEVILLE,NC,28301,US,442.401.3817 x4468,TRUCKLOAD,500400640,91.8,2,box
9/27/2014,,Larkin LLC,1505 S BLOUNT ST,RALEIGH,NC,27603,US,Kay Langworth,"1757 METROMEDICAL DRIVE, APT A",FAYETTEVILLE,NC,28304,US,1-626-911-0176,TRUCKLOAD,500398395,18.02,3,box
9/27/2014,,Larkin LLC,1505 S BLOUNT ST,RALEIGH,NC,27603,US,Ms. Obie Feeney,2160 REDSTONE DRIVE,FAYETTEVILLE,NC,28306,US,650.428.7696 x162,TRUCKLOAD,500388885,19.53,3,box
9/27/2014,,Larkin LLC,1505 S BLOUNT ST,RALEIGH,NC,27603,US,Ronaldo Pfeffer,5438 MIRANDA DRIVE,HOPE MILLS,NC,28348,US,497.481.0553 x893,TRUCKLOAD,500402945,100.96,4,box
9/27/2014,,Larkin LLC,1505 S BLOUNT ST,RALEIGH,NC,27603,US,Mr. Malika Ferry,120 TRIPS COURT,RAEFORD,NC,28376,US,1-891-668-1346,TRUCKLOAD,500400125,5.26,1,box
9/27/2014,,Larkin LLC,1505 S BLOUNT ST,RALEIGH,NC,27603,US,Teresa Carter,4013HUNTING PATH DR,HOPE MILLS,NC,28348,US,1-733-213-4006 x26271,TRUCKLOAD,500387795,22.22,1,box
9/27/2014,,Larkin LLC,1505 S BLOUNT ST,RALEIGH,NC,27603,US,Ms. Ethan Schmeler,"3804 QUEEN ANNE LOOP, APT 203",FAYETTEVILLE,NC,28306,US,153-310-1057,TRUCKLOAD,500403990,107.56,8,box
9/27/2014,,Larkin LLC,1505 S BLOUNT ST,RALEIGH,NC,27603,US,Maryam Grimes,4271 HIGH STAKES CIRCLE APT 308,PARKTON,NC,28371,US,(916)415-5182 x562,TRUCKLOAD,500402780,128.38,10,box
9/27/2014,,Larkin LLC,1505 S BLOUNT ST,RALEIGH,NC,27603,US,Maryam Grimes,4271 HIGH STAKES CIRCLE APT 308,PARKTON,NC,28371,US,(916)415-5182 x562,TRUCKLOAD,500402790,74,1,box
9/27/2014,,Larkin LLC,1505 S BLOUNT ST,RALEIGH,NC,27603,US,Mr. Gladys Doyle,1536 ROUGH RIDER LANE,PARKTON,NC,28371,US,151-092-6111,TRUCKLOAD,500395715,39.49,2,box
9/27/2014,,Larkin LLC,1505 S BLOUNT ST,RALEIGH,NC,27603,US,Judy Olson Sr.,1810 STONE MASON COURT,FAYETTEVILLE,NC,28304,US,122.907.1778,TRUCKLOAD,500404520,15,1,box
9/27/2014,E,Larkin LLC,1505 S BLOUNT ST,RALEIGH,NC,27603,US,Vergie Mertz,1810 STONE MASON COURT APT D,FAYETTEVILLE,NC,28304,US,966-642-9416 x9153,TRUCKLOAD,500407120,0,0,box
9/27/2014,,Larkin LLC,1505 S BLOUNT ST,RALEIGH,NC,27603,US,Hailee Price,"6415 INDEPENDENCE PLACE DRIVE, APT 233",FAYETTEVILLE,NC,28303,US,(181)939-0540,TRUCKLOAD,500402755,91.8,2,box
9/27/2014,N,Mr. Malika Ferry,120 TRIPS COURT,RAEFORD,NC,28376,US,Larkin LLC,1505 S BLOUNT ST,RALEIGH,NC,27603,US,1-891-668-1346,TRUCKLOAD,500403270,34,1,box
9/27/2014,,Larkin LLC,1505 S BLOUNT ST,RALEIGH,NC,27603,US,Eriberto Roberts,381 SEDGFIELD DRIVE,RAEFORD,NC,28376,US,1-405-755-7979,TRUCKLOAD,500401030,65.46,8,box
9/27/2014,,Larkin LLC,1505 S BLOUNT ST,RALEIGH,NC,27603,US,Maggie Jerde,181 MECKLENBURG DRIVE,RAEFORD,NC,28376,US,1-569-582-3789,TRUCKLOAD,500400280,118,2,box
9/27/2014,,Larkin LLC,1505 S BLOUNT ST,RALEIGH,NC,27603,US,Maggie Jerde,181 MECKLENBURG DRIVE,RAEFORD,NC,28376,US,1-569-582-3789,TRUCKLOAD,500402600,15.26,2,box
9/27/2014,,Larkin LLC,1505 S BLOUNT ST,RALEIGH,NC,27603,US,Maggie Jerde,181 MECKLENBURG DRIVE,RAEFORD,NC,28376,US,1-569-582-3789,TRUCKLOAD,591122120,6.6,1,box
9/27/2014,,Larkin LLC,1505 S BLOUNT ST,RALEIGH,NC,27603,US,Aurore Gislason,535 CAPE FEAR ROAD,RAEFORD,NC,28376,US,735-087-8228,TRUCKLOAD,591122130,15.4,2,box
9/27/2014,N,Larkin LLC,1505 S BLOUNT ST,RALEIGH,NC,27603,US,Earlene Mueller,567 CAPE FEAR DRIVE,RAEFORD,NC,28376,US,654.918.5712,TRUCKLOAD,500402510,98.5,3,box
9/27/2014,,Larkin LLC,1505 S BLOUNT ST,RALEIGH,NC,27603,US,Chelsey Braun,1579 ROSSMERE DRIVE,FAYETTEVILLE,NC,28314,US,(845)236-7280 x922,TRUCKLOAD,500405450,29.66,1,box
9/27/2014,,Larkin LLC,1505 S BLOUNT ST,RALEIGH,NC,27603,US,Lucienne Dickens Sr.,1963 RAYCONDA RD,FAYETTEVILLE,NC,28304,US,1-100-923-4890 x414,TRUCKLOAD,500395310,103.76,7,box
9/27/2014,M,Larkin LLC,1505 S BLOUNT ST,RALEIGH,NC,27603,US,Rocio Schaden,1307 KIENAST DR,FAYETTEVILLE,NC,28314,US,1-296-995-9892 x7477,TRUCKLOAD,500363110,120.72,6,box
9/27/2014,,Larkin LLC,1505 S BLOUNT ST,RALEIGH,NC,27603,US,Delfina Kuphal II,301 WATERGAP DR,FAYETTEVILLE,NC,28314,US,1-836-789-2638 x0593,TRUCKLOAD,500405460,145.68,8,box
